authors,year,title,venue,doi,arxiv_id,cited_by_count,is_preprint,tracks,n_tracks,relevance_note
Zied Ben Bouallègue et al.,2024.0,The Rise of Data-Driven Weather Forecasting: A First Statistical Assessment of Machine Learning–Based Weather Forecasts in an Operational-Like Context,Bulletin of the American Meteorological Society,10.1175/bams-d-23-0162.1,,159.0,False,AI models; Deep downscaling; Post-processing; Regional; Verification,5,"ECMWF's own first operational-like statistical assessment of ML forecasts (Ben Bouallegue et al., BAMS). The reference for how AI models behave in operations."
Stephan Rasp et al.,2018.0,Neural Networks for Postprocessing Ensemble Weather Forecasts,Monthly Weather Review,10.1175/mwr-d-18-0187.1,1805.09091,529.0,False,AI models; Deep downscaling; Post-processing; Verification,4,"Rasp & Lerch: distributional regression networks (DRN) for postprocessing ensembles — the workhorse baseline you should implement first. Highly cited, simple, runs on your hardware."
Stéphane Vannitsem et al.,2020.0,"Statistical Postprocessing for Weather Forecasts: Review, Challenges, and Avenues in a Big Data World",Bulletin of the American Meteorological Society,10.1175/bams-d-19-0308.1,,198.0,False,AI models; Deep downscaling; Post-processing; Verification,4,"Vannitsem et al., BAMS: the standard review of statistical postprocessing. Read before choosing a method."
José Manuel Gutiérrez et al.,2018.0,An intercomparison of a large ensemble of statistical downscaling methods over Europe: Results from the VALUE perfect predictor cross‐validation experiment,International Journal of Climatology,10.1002/joc.5462,,332.0,False,Deep downscaling; Regional; Verification,3,"VALUE perfect-predictor cross-validation experiment: >50 downscaling methods, 86 European stations, all three families (PP, MOS, weather generators). The largest controlled intercomparison; note that its predictors are deliberately 'perfect' reanalysis."
Noah Brenowitz et al.,2025.0,A Practical Probabilistic Benchmark for AI Weather Models,Geophysical Research Letters,10.1029/2024gl113656,,23.0,False,AI models; Deep downscaling; Verification,3,"Brenowitz et al., practical probabilistic benchmark: shows EFFECTIVE RESOLUTION modulates ensemble dispersion — the link between blurring and under-dispersion."
Simon Lang et al.,2026.0,AIFS-CRPS: ensemble forecasting using a model trained with a loss function based on the continuous ranked probability score,npj Artificial Intelligence,10.1038/s44387-026-00073-7,,11.0,False,AI models; Deep downscaling; Post-processing,3,AIFS-CRPS journal version: 'almost fair CRPS' loss gives a directly-generative ensemble that beats IFS ENS on most variables/lead times. This is the AIFS ENS you would downscale.
Gabriel Moldovan et al.,2025.0,An update to ECMWF's machine-learned weather forecast model AIFS,arXiv preprint,,2509.18994,0.0,True,AI models; Deep downscaling; Post-processing,3,"AIFS update: bounding layers for physical consistency, expanded variable set."
Tilmann Gneiting et al.,2007.0,"Strictly Proper Scoring Rules, Prediction, and Estimation",Journal of the American Statistical Association,10.1198/016214506000001437,,5659.0,False,Post-processing; Verification,2,Theory of proper scoring rules; why CRPS is the right training and verification target.
Tilmann Gneiting et al.,2007.0,"Probabilistic Forecasts, Calibration and Sharpness",Journal of the Royal Statistical Society Series B (Statistical Methodology),10.1111/j.1467-9868.2007.00587.x,,1788.0,False,Post-processing; Verification,2,Sharpness-subject-to-calibration paradigm; the evaluation philosophy behind all postprocessing benchmarks.
Kaifeng Bi et al.,2023.0,Accurate medium-range global weather forecasting with 3D neural networks,Nature,10.1038/s41586-023-06185-3,,1543.0,False,AI models; Deep downscaling,2,"Pangu-Weather primary (Nature). 3D Earth-Specific Transformer, 0.25deg, ~256M params, 43 yr ERA5; hierarchical temporal aggregation to limit error accumulation."
Ilan Price et al.,2024.0,Probabilistic weather forecasting with machine learning,Nature,10.1038/s41586-024-08252-9,,355.0,False,AI models; Deep downscaling,2,"GenCast primary (Nature). Diffusion ensemble, 0.25deg/12h, 15 days in 8 min; better than ENS on 97.2% of 1320 targets. The generative-ensemble reference point."
Jorge Baño‐Medina et al.,2020.0,Configuration and intercomparison of deep learning neural models for statistical downscaling,Geoscientific model development,10.5194/gmd-13-2109-2020,,266.0,False,Deep downscaling; Verification,2,"Benchmark CNN-vs-GLM intercomparison for downscaling over Europe inside the VALUE framework, using 'perfect' reanalysis predictors. The reference configuration study; read for how a defensible DL downscaling validation is set up."
José Manuel Gutiérrez et al.,2012.0,Reassessing Statistical Downscaling Techniques for Their Robust Application under Climate Change Conditions,Journal of Climate,10.1175/jcli-d-11-00687.1,,210.0,False,Deep downscaling; Verification,2,Reassessing statistical downscaling for robust application under changing conditions; the extrapolation-robustness question in its pre-DL form.
Peter Grönquist et al.,2021.0,Deep learning for post-processing ensemble weather forecasts,Philosophical Transactions of the Royal Society A Mathematical Physical and Engineering Sciences,10.1098/rsta.2020.0092,,201.0,False,AI models; Post-processing,2,Groenquist et al.: deep learning for postprocessing ensemble forecasts.
Stephan Rasp et al.,2024.0,WeatherBench 2: A Benchmark for the Next Generation of Data‐Driven Global Weather Models,Journal of Advances in Modeling Earth Systems,10.1029/2023ms004019,,195.0,False,AI models; Verification,2,WeatherBench 2: the standard evaluation framework and baseline data. Read for metric definitions before you verify anything.
Yingkai Sha et al.,2020.0,Deep-Learning-Based Gridded Downscaling of Surface Meteorological Variables in Complex Terrain. Part I: Daily Maximum and Minimum 2-m Temperature,Journal of Applied Meteorology and Climatology,10.1175/jamc-d-20-0057.1,,148.0,False,AI models; Deep downscaling,2,Sha et al.: deep-learning gridded downscaling of Tmax/Tmin in COMPLEX TERRAIN — the elevation/representativeness problem you already measured.
Massimo Bonavita,2024.0,On Some Limitations of Current Machine Learning Weather Prediction Models,Geophysical Research Letters,10.1029/2023gl107377,,136.0,False,AI models; Verification,2,"THE key defect paper (Bonavita, GRL 2024): Pangu/FourCastNet/GraphCast fail to reproduce sub-synoptic and mesoscale phenomena; lack physical consistency. This is the gap a downscaling layer fills."
Benedikt Schulz et al.,2021.0,Machine learning methods for postprocessing ensemble forecasts of wind gusts: A systematic comparison,Monthly Weather Review,10.1175/mwr-d-21-0150.1,2106.09512,111.0,False,Deep downscaling; Post-processing,2,"Systematic comparison of eight statistical and ML postprocessing methods for wind gusts (EMOS, member-by-member, isotonic distributional regression, gradient-boosted EMOS, quantile regression forests, distributional regression network, Bernstein quantile network, histogram estimation network). The benchmark ladder to reproduce before attempting anything generative."
Simon Lang et al.,2024.0,AIFS -- ECMWF's data-driven forecasting system,arXiv (Cornell University),,2406.01465,73.0,True,AI models; Post-processing,2,"PRIMARY AIFS paper. GNN encoder/decoder + sliding-window transformer, trained on ERA5 + operational analyses; run 4x daily, open data policy. Start here."
Andrew Charlton‐Perez et al.,2024.0,Do AI models produce better weather forecasts than physics-based models? A quantitative evaluation case study of Storm Ciarán,npj Climate and Atmospheric Science,10.1038/s41612-024-00638-w,,67.0,False,AI models; Deep downscaling,2,"Charlton-Perez et al., Storm Ciaran case study: AI models get synoptic structure right but the paper is the standard reference for what they miss at smaller scales."
Neelesh Rampal et al.,2024.0,Enhancing Regional Climate Downscaling through Advances in Machine Learning,Artificial Intelligence for the Earth Systems,10.1175/aies-d-23-0066.1,,63.0,False,AI models; Deep downscaling,2,Enhancing regional climate downscaling through advances in ML — bridges the climate-downscaling and NWP-postprocessing literatures.
Leonardo Olivetti et al.,2024.0,"Do data-driven models beat numerical models in forecasting weather extremes? A comparison of IFS HRES, Pangu-Weather, and GraphCast",Geoscientific model development,10.5194/gmd-17-7915-2024,,26.0,False,AI models; Regional,2,"Olivetti & Messori, GMD: data-driven models mostly beat IFS HRES on global RMSE at 1-10 d for near-surface T and wind extremes, but performance varies strongly by REGION and lead time — best near tropics, weaker elsewhere. Directly relevant to a high-latitude domain."
Olivier C. Pasche et al.,2024.0,Validating Deep Learning Weather Forecast Models on Recent High-Impact Extreme Events,Artificial Intelligence for the Earth Systems,10.1175/aies-d-24-0033.1,,25.0,False,AI models; Regional,2,"Pasche et al., validation of DL forecasts on recent high-impact extremes — case-study-based defect evidence."
Jonathan Demaeyer et al.,2023.0,The EUPPBench postprocessing benchmark dataset v1.0,Earth system science data,10.5194/essd-15-2635-2023,,25.0,False,AI models; Post-processing,2,"EUPPBench: a European postprocessing BENCHMARK dataset — station-based, directly comparable in spirit to your ISD-Lite setup."
Kevin Höhlein et al.,2023.0,Postprocessing of Ensemble Weather Forecasts Using Permutation-Invariant Neural Networks,Artificial Intelligence for the Earth Systems,10.1175/aies-d-23-0070.1,2309.04452,18.0,False,Deep downscaling; Post-processing,2,"Permutation-invariant networks that consume the raw ensemble as an unordered set rather than summary statistics, for temperature and wind gusts. The right architecture for 51 exchangeable AIFS-ENS members."
Pengbo Xu et al.,2025.0,An artificial intelligence-based limited area model for forecasting of surface meteorological variables,Communications Earth & Environment,10.1038/s43247-025-02347-5,,12.0,False,AI models; Deep downscaling,2,Xu et al.: AI-based limited-area model specifically for SURFACE meteorological variables.
Neelesh Rampal et al.,2024.0,On the Extrapolation of Generative Adversarial Networks for Downscaling Precipitation Extremes in Warmer Climates,Geophysical Research Letters,10.1029/2024gl112492,,10.0,False,Deep downscaling; Verification,2,"Quantifies the generative-vs-deterministic gap for extremes under extrapolation: for 99.5th-percentile precipitation, a GAN trained on future climate recovered 97% of the warming-driven increase versus 65% for the deterministic CNN baseline, and a historically trained GAN still recovered 77%. The strongest single number for 'generative beats MSE on the tails'."
Ankur Mahesh et al.,2025.0,Huge ensembles – Part 1: Design of ensemble weather forecasts using spherical Fourier neural operators,Geoscientific model development,10.5194/gmd-18-5575-2025,,10.0,False,AI models; Deep downscaling,2,"Huge Ensembles (SFNO, 1.1B params): shows ML ensemble MEMBERS keep constant spectra with lead time while the ensemble MEAN degrades — the correct diagnostic framing for blurring."
Simon Lang et al.,2024.0,AIFS-CRPS: Ensemble forecasting using a model trained with a loss function based on the Continuous Ranked Probability Score,arXiv (Cornell University),,2412.15832,9.0,True,AI models; Verification,2,arXiv preprint of AIFS-CRPS; fuller methods detail than the journal version in places.
M. J. Rodwell et al.,2025.0,Power Spectra of Physics‐Based and Data‐Driven Ensembles,Meteorological Applications,10.1002/met.70071,,2.0,False,AI models; Deep downscaling,2,"Rodwell et al., power spectra of physics-based vs data-driven ECMWF ensembles — the spectral diagnostic toolkit, incl. over-dispersion at synoptic scales in physics ensembles."
Hisu Kim et al.,2026.0,A spectral test of the butterfly effect and physical consistency in the diffusion-based GenCast’s ensembles,npj Climate and Atmospheric Science,10.1038/s41612-026-01380-1,,2.0,False,AI models; Deep downscaling,2,"Kim et al., spectral test of the butterfly effect and physical consistency in GenCast ensembles — how to test whether a generative ensemble perturbs realistically."
Belinda Trotta et al.,2025.0,Statistical Postprocessing Yields Accurate Probabilistic Forecasts from Artificial Intelligence Weather Models,Artificial Intelligence for the Earth Systems,10.1175/aies-d-25-0037.1,,1.0,False,AI models; Post-processing,2,"MOST IMPORTANT FOR YOU. Trotta et al.: applies an EXISTING NWP postprocessing system (IMPROVER) unchanged to AIFS; gets comparable gains to those on HRES/ENS, and blending AIFS with NWP beats either. Direct precedent for your project."
Dan Assouline et al.,2026.0,SwAIther-Precip: Lead-Time-Aware Bias Correction Enables Kilometer-Scale Downscaling of Global AI Precipitation Forecasts over Switzerland,arXiv preprint,,2605.16163,,True,AI models; Deep downscaling,2,SwAIther-Precip: lead-time-aware bias correction + generative super-resolution of AIFS precip to km scale over Switzerland. CRPS -48% vs raw AIFS; effective resolution ~4 km on a 1 km grid; training across lead times gives a further 13% CRPS gain at day 6. The closest existing analogue to your idea.
Joaquín Muñoz‐Sabater; Emanuel Dutra; Anna Agustí‐Panareda; Clément Albergel; Gabriele Arduini; Gianpaolo Balsamo et al.,2021.0,ERA5-Land: a state-of-the-art global reanalysis dataset for land applications,Earth system science data,10.5194/essd-13-4349-2021,,5007.0,False,Regional,1,"ERA5-Land: 9 km land reanalysis. Openly licensed, covers the box, and a plausible intermediate predictor field between ERA5 and station scale."
David R. Roberts et al.,2016.0,"Cross‐validation strategies for data with temporal, spatial, hierarchical, or phylogenetic structure",Ecography,10.1111/ecog.02881,,2777.0,False,Verification,1,"The reference paper on blocked cross-validation for temporally, spatially and hierarchically structured data; where the block-CV design comes from."
Adrian E. Raftery et al.,2005.0,Using Bayesian Model Averaging to Calibrate Forecast Ensembles,Monthly Weather Review,10.1175/mwr2906.1,,1969.0,False,Post-processing,1,"BMA: predictive distribution as weighted mixture of member-conditioned kernels. Main alternative to EMOS; heavier to fit, rarely better for T2m."
Richard Cornes; Gerard van der Schrier; Else van den Besselaar; P. D. Jones,2018.0,An Ensemble Version of the E‐OBS Temperature and Precipitation Data Sets,Journal of Geophysical Research Atmospheres,10.1029/2017jd028200,,1913.0,False,Regional,1,"E-OBS ensemble version: European gridded daily temperature and precipitation from stations, with explicit uncertainty. Note its station density collapses east of the EU border."
Douglas Maraun et al.,2010.0,Precipitation downscaling under climate change: Recent developments to bridge the gap between dynamical models and the end user,Reviews of Geophysics,10.1029/2009rg000314,,1864.0,False,Deep downscaling,1,The foundational precipitation-downscaling review; where the PP / MOS / weather-generator taxonomy is laid out.
Hans Hersbach,2000.0,Decomposition of the Continuous Ranked Probability Score for Ensemble Prediction Systems,Weather and Forecasting,10.1175/1520-0434(2000)015<0559:dotcrp>2.0.co;2,,1603.0,False,Verification,1,CRPS decomposition into reliability and potential CRPS; the diagnostic split used throughout.
Nigel Roberts et al.,2008.0,Scale-Selective Verification of Rainfall Accumulations from High-Resolution Forecasts of Convective Events,Monthly Weather Review,10.1175/2007mwr2123.1,,1377.0,False,Verification,1,"Scale-selective verification: the FSS and skilful-scale concept, the standard neighbourhood answer to the double penalty."
Rémi Lam et al.,2023.0,Learning skillful medium-range global weather forecasting,Science,10.1126/science.adi2336,,1300.0,False,AI models,1,"GraphCast primary (Science). 0.25deg, 10-day, sub-minute inference; beats operational deterministic on 90% of 1380 targets. The GNN template AIFS descends from."
Tilmann Gneiting,2011.0,Making and Evaluating Point Forecasts,Journal of the American Statistical Association,10.1198/jasa.2011.r10138,,1198.0,False,Verification,1,Point forecasts require consistent scoring functions and a pre-declared functional; explains why 'RMSE or MAE?' is not a free choice.
Tilmann Gneiting et al.,2005.0,Calibrated Probabilistic Forecasting Using Ensemble Model Output Statistics and Minimum CRPS Estimation,Monthly Weather Review,10.1175/mwr2904.1,,1165.0,False,Post-processing,1,"EMOS / nonhomogeneous Gaussian regression. THE reference method for 2m temperature; single Gaussian with mean affine in members and variance affine in ensemble variance, fitted by minimum CRPS."
Harry R. Glahn et al.,1972.0,The Use of Model Output Statistics (MOS) in Objective Weather Forecasting,Journal of applied meteorology,10.1175/1520-0450(1972)011<1203:tuomos>2.0.co;2,,1102.0,False,Post-processing,1,Origin of MOS: regress observations on NWP output at station locations; defines the paradigm the whole field extends.
Suman Ravuri et al.,2021.0,Skilful precipitation nowcasting using deep generative models of radar,Nature,10.1038/s41586-021-03854-z,,959.0,False,Deep downscaling,1,Deep generative radar nowcasting; states explicitly that unconstrained deterministic deep learning produces blurry forecasts at longer lead times with poor performance on heavier rain. The clearest published statement of the MSE-blurring failure mode.
Thomas M. Hamill,2001.0,Interpretation of Rank Histograms for Verifying Ensemble Forecasts,Monthly Weather Review,10.1175/1520-0493(2001)129<0550:iorhfv>2.0.co;2,,927.0,False,Verification,1,"Rank histograms: how to read them and, importantly, how they mislead when errors are correlated or conditionally biased."
Daniel S. Wilks,2016.0,"“The Stippling Shows Statistically Significant Grid Points”: How Research Results are Routinely Overstated and Overinterpreted, and What to Do about It",Bulletin of the American Meteorological Society,10.1175/bams-d-15-00267.1,,925.0,False,Verification,1,"Why grid-point-wise significance stippling overstates results, and the false-discovery-rate fix. Directly applicable to per-station significance across 144 stations."
Tilmann Gneiting et al.,2014.0,Probabilistic Forecasting,Annual Review of Statistics and Its Application,10.1146/annurev-statistics-062713-085831,,900.0,False,Verification,1,"Review of probabilistic forecasting; consolidates propriety, calibration modes, and evaluation tooling."
Sayash Kapoor et al.,2023.0,Leakage and the reproducibility crisis in machine-learning-based science,Patterns,10.1016/j.patter.2023.100804,,855.0,False,Verification,1,Leakage in ML-based science: a taxonomy of leakage types and a reproducibility checklist.
Allan H. Murphy,1993.0,What Is a Good Forecast? An Essay on the Nature of Goodness in Weather Forecasting,Weather and Forecasting,10.1175/1520-0434(1993)008<0281:wiagfa>2.0.co;2,,851.0,False,Verification,1,"Murphy's three types of goodness: consistency, quality, value. Frames why a single score is never enough."
Douglas Maraun,2013.0,"Bias Correction, Quantile Mapping, and Downscaling: Revisiting the Inflation Issue",Journal of Climate,10.1175/jcli-d-12-00821.1,,771.0,False,Deep downscaling,1,"The inflation paper: why regression-based downscaling and quantile mapping cannot simultaneously get the conditional mean and the variance right, and why inflating variance corrupts the deterministic signal. The core theoretical statement behind 'MSE-trained models under-represent small-scale variance'."
Pierre Ploton et al.,2020.0,Spatial validation reveals poor predictive performance of large-scale ecological mapping models,Nature Communications,10.1038/s41467-020-18321-y,,766.0,False,Verification,1,Documented case of over-optimistic skill from spatial autocorrelation in a high-profile ML application.
Patrick Schratz et al.,2019.0,Hyperparameter tuning and performance assessment of statistical and machine-learning algorithms using spatial data,Ecological Modelling,10.1016/j.ecolmodel.2019.06.002,,604.0,False,Verification,1,"Hyperparameter tuning and performance assessment for spatial data: shows the tuning loop itself must be inside the spatial CV, not outside it."
Douglas Maraun et al.,2017.0,Statistical Downscaling and Bias Correction for Climate Research,Cambridge University Press eBooks,10.1017/9781107588783,,554.0,False,Verification,1,"The reference text on statistical downscaling and bias correction, including its validation chapter and the inflation/variance problems."
A.A.M. Holtslag; Gunilla Svensson; Peter Baas; Sukanta Basu; Bob Beare; Anton Beljaars et al.,2013.0,Stable Atmospheric Boundary Layers and Diurnal Cycles: Challenges for Weather and Climate Models,Bulletin of the American Meteorological Society,10.1175/bams-d-11-00187.1,,522.0,False,Regional,1,GABLS/Holtslag et al.: stable boundary layers and diurnal cycles as a challenge for weather and climate models - the community review.
Francis X. Diebold,2015.0,"Comparing Predictive Accuracy, Twenty Years Later: A Personal Perspective on the Use and Abuse of Diebold–Mariano Tests",Journal of Business and Economic Statistics,10.1080/07350015.2014.983236,,502.0,False,Verification,1,Retrospective on the Diebold-Mariano test: how to compare predictive accuracy with autocorrelated loss differentials.
James M. Murphy,1999.0,An Evaluation of Statistical and Dynamical Techniques for Downscaling Local Climate,Journal of Climate,10.1175/1520-0442(1999)012<2256:aeosad>2.0.co;2,,494.0,False,Regional,1,Murphy: statistical vs dynamical downscaling evaluation - the founding comparison that frames why statistical methods remain competitive.
Elizabeth E. Ebert,2008.0,Fuzzy verification of high‐resolution gridded forecasts: a review and proposed framework,Meteorological Applications,10.1002/met.25,,488.0,False,Verification,1,Fuzzy/neighbourhood verification of high-resolution gridded forecasts: the review that systematised the neighbourhood family and proposed a framework.
Eric Gilleland et al.,2009.0,Intercomparison of Spatial Forecast Verification Methods,Weather and Forecasting,10.1175/2009waf2222269.1,,469.0,False,Verification,1,ICP overview paper: the spatial verification method intercomparison project and its findings.
Jaideep Pathak et al.,2022.0,FourCastNet: A Global Data-driven High-resolution Weather Model using Adaptive Fourier Neural Operators,arXiv (Cornell University),,2202.11214,453.0,True,AI models,1,"FourCastNet primary preprint: adaptive Fourier neural operator, 0.25deg, week-long forecast in <2 s — the cheap-large-ensemble argument."
Hanna Meyer et al.,2021.0,Predicting into unknown space? Estimating the area of applicability of spatial prediction models,Methods in Ecology and Evolution,10.1111/2041-210x.13650,,446.0,False,Verification,1,"Area of applicability: a method for delineating where a spatial model can be trusted, i.e. whether a station-trained model can be applied to a new location at all."
Vítor Cerqueira et al.,2020.0,Evaluating time series forecasting models: an empirical study on performance estimation methods,Machine Learning,10.1007/s10994-020-05910-7,,425.0,False,Verification,1,Empirical comparison of performance-estimation methods for time series; blocked and forward-chaining schemes versus naive k-fold.
Dmitrii Kochkov et al.,2024.0,Neural general circulation models for weather and climate,Nature,10.1038/s41586-024-07744-y,,384.0,False,AI models,1,NeuralGCM primary (Nature). Hybrid differentiable dynamical core + learned physics; stable multi-decade climate runs at 140 km.
Nils Gustafsson; Tijana Janjić; Christoph Schraff; Daniel Leuenberger; Martin Weißmann; Hendrik Reich et al.,2017.0,Survey of data assimilation methods for convective‐scale numerical weather prediction at operational centres,Quarterly Journal of the Royal Meteorological Society,10.1002/qj.3179,,341.0,False,Regional,1,Survey of data assimilation methods for convective-scale NWP at operational centres - context for why regional analyses differ from global.
G. Candille et al.,2005.0,Evaluation of probabilistic prediction systems for a scalar variable,Quarterly Journal of the Royal Meteorological Society,10.1256/qj.04.71,,309.0,False,Verification,1,"Systematic framework for evaluating scalar probabilistic prediction: reliability, resolution, and observation error."
Barbara Casati et al.,2008.0,Forecast verification: current status and future directions,Meteorological Applications,10.1002/met.52,,304.0,False,Verification,1,Survey of forecast verification status and future directions; useful map of the sub-field's method families.
Karen Stengel et al.,2020.0,Adversarial super-resolution of climatological wind and solar data,Proceedings of the National Academy of Sciences,10.1073/pnas.1918964117,,292.0,False,Deep downscaling,1,Adversarial super-resolution of climatological wind and solar fields; the highly cited GAN-SR reference outside precipitation.
Alexandre M.J.‐C. Wadoux et al.,2021.0,Spatial cross-validation is not the right way to evaluate map accuracy,Ecological Modelling,10.1016/j.ecolmodel.2021.109692,,289.0,False,Verification,1,The counter-argument: spatial CV can be pessimistically biased for map accuracy. Shows the choice of CV must match the intended inference.
Irina Sandu; Anton Beljaars; Peter Bechtold; Thorsten Mauritsen; Gianpaolo Balsamo,2013.0,Why is it so difficult to represent stably stratified conditions in numerical weather prediction (NWP) models?,Journal of Advances in Modeling Earth Systems,10.1002/jame.20013,,279.0,False,Regional,1,Sandu et al.: why stably stratified conditions are so hard in NWP. Physical explanation of the error structure a post-processor would be learning to correct.
Thomas Vandal et al.,2017.0,DeepSD,,10.1145/3097983.3098004,,274.0,False,Deep downscaling,1,"Origin point for CNN super-resolution downscaling (DeepSD, stacked SRCNN). Historical anchor only; superseded methodologically."
Thomas M. Hamill et al.,2006.0,Measuring forecast skill: is it real skill or is it the varying climatology?,Quarterly Journal of the Royal Meteorological Society,10.1256/qj.06.25,,271.0,False,Verification,1,"Skill scores against a pooled climatology are inflated purely by spatial or seasonal variation in the climatology itself. Critical for a 144-station, 55-70N domain: pool stations and you will manufacture skill."
Vincent Fortin et al.,2014.0,Why Should Ensemble Spread Match the RMSE of the Ensemble Mean?,Journal of Hydrometeorology,10.1175/jhm-d-14-0008.1,,262.0,False,Verification,1,"Why the spread-skill ratio should be compared to sqrt((M+1)/M), not 1, for an M-member ensemble. Directly relevant at 51 members and to any subsampling."
Maxime Taillardat et al.,2016.0,Calibrated Ensemble Forecasts Using Quantile Regression Forests and Ensemble Model Output Statistics,Monthly Weather Review,10.1175/mwr-d-15-0260.1,,260.0,False,Post-processing,1,"QRF postprocessing: nonparametric, arbitrary predictors, no distributional assumption. Beat EMOS on Meteo-France PEARP temperature and wind."
Wentao Li et al.,2017.0,A review on statistical postprocessing methods for hydrometeorological ensemble forecasting,Wiley Interdisciplinary Reviews Water,10.1002/wat2.1246,,259.0,False,Post-processing,1,"Hydrometeorological postprocessing review; complementary taxonomy, more on precipitation and multivariate structure."
Christophe Accadia et al.,2003.0,Sensitivity of Precipitation Forecast Skill Scores to Bilinear Interpolation and a Simple Nearest-Neighbor Average Method on High-Resolution Verification Grids,Weather and Forecasting,10.1175/1520-0434(2003)018<0918:sopfss>2.0.co;2,,257.0,False,Verification,1,Interpolation choice alone changes precipitation skill scores on high-resolution verification grids.
Jeffrey S. Whitaker et al.,1998.0,The Relationship between Ensemble Spread and Ensemble Mean Skill,Monthly Weather Review,10.1175/1520-0493(1998)126<3292:trbesa>2.0.co;2,,240.0,False,Verification,1,"Original spread-skill relationship: spread predicts skill only in a distributional sense, not case by case."
Florian Pappenberger et al.,2015.0,How do I know if my forecasts are better? Using benchmarks in hydrological ensemble prediction,Journal of Hydrology,10.1016/j.jhydrol.2015.01.024,,232.0,False,Verification,1,"Benchmarks in ensemble prediction: a method that beats the raw forecast but not climatology has achieved nothing. The baseline argument, made explicitly."
Thomas M. Hamill et al.,2008.0,Probabilistic Forecast Calibration Using ECMWF and GFS Ensemble Reforecasts. Part II: Precipitation,Monthly Weather Review,10.1175/2007mwr2411.1,,231.0,False,Post-processing,1,Companion precipitation study; contrast case for why temperature is the easy first variable.
Fang Wang et al.,2021.0,Deep Learning for Daily Precipitation and Temperature Downscaling,Water Resources Research,10.1029/2020wr029308,,226.0,False,Deep downscaling,1,Widely cited DL downscaling of daily precipitation and temperature; general background.
Alexander I. Jordan et al.,2019.0,Evaluating Probabilistic Forecasts with scoringRules,Journal of Statistical Software,10.18637/jss.v090.i12,,226.0,False,Verification,1,"scoringRules: reference implementation of CRPS, log score, energy/variogram scores; the software to actually compute these."
Nigel Roberts,2008.0,Assessing the spatial and temporal variation in the skill of precipitation forecasts from an NWP model,Meteorological Applications,10.1002/met.57,,207.0,False,Verification,1,Assessing spatial and temporal variation in the skill of precipitation forecasts; complements the FSS work with skilful-scale variability.
Jeffrey S. Racine,2000.0,Consistent cross-validatory model-selection for dependent data: hv-block cross-validation,Journal of Econometrics,10.1016/s0304-4076(00)00030-0,,207.0,False,Verification,1,"Consistent cross-validatory model selection for dependent data: hv-block CV, the formal basis for leaving gaps around held-out blocks in serially correlated data."
Roberto Buizza et al.,1998.0,Impact of Ensemble Size on Ensemble Prediction,Monthly Weather Review,10.1175/1520-0493(1998)126<2503:ioesoe>2.0.co;2,,206.0,False,Verification,1,"Impact of ensemble size on ensemble prediction: the classic demonstration that skill saturates with M, and that small ensembles systematically underperform."
Jonathan Eden et al.,2012.0,"Skill, Correction, and Downscaling of GCM-Simulated Precipitation",Journal of Climate,10.1175/jcli-d-11-00254.1,,201.0,False,Deep downscaling,1,"Skill, correction and downscaling of GCM-simulated precipitation; a standard reference on when correction is and is not legitimate. NOTE: abstract not retrievable, cited at title level."
Jochen Bröcker et al.,2007.0,Scoring Probabilistic Forecasts: The Importance of Being Proper,Weather and Forecasting,10.1175/waf966.1,,200.0,False,Verification,1,Accessible meteorological argument for propriety; shows how improper scores reward hedging.
Yehui Zhang; Dian J. Seidel; Jean‐Christophe Golaz; Clara Deser; Robert A. Tomas,2011.0,Climatological Characteristics of Arctic and Antarctic Surface-Based Inversions,Journal of Climate,10.1175/2011jcli4004.1,,195.0,False,Regional,1,"Zhang et al.: climatology of Arctic surface-based inversions from radiosondes - frequency, depth and strength of the inversions that dominate winter error."
Lucy Harris et al.,2022.0,A Generative Deep Learning Approach to Stochastic Downscaling of Precipitation Forecasts,Journal of Advances in Modeling Earth Systems,10.1029/2022ms003120,,194.0,False,Deep downscaling,1,"Extends the stochastic GAN from reconstruction of coarsened fields to the harder problem of increasing accuracy AND resolution of actual low-resolution forecast-model input, with high-resolution radar as truth. This is the MOS-framing generative downscaling paper."
Gianpaolo Balsamo; Rui Salgado; Emanuel Dutra; Souhail Boussetta; Tim Stockdale; Miguel Potes,2012.0,On the contribution of lakes in predicting near-surface temperature in a global weather forecasting model,Tellus A Dynamic Meteorology and Oceanography,10.3402/tellusa.v64i0.15829,,194.0,False,Regional,1,"Balsamo et al.: adding FLake to the ECMWF IFS changes near-surface temperature forecasts - establishes that lake representation is a first-order forecast issue, which matters directly for Ladoga and Onega."
Renate Hagedorn et al.,2008.0,Probabilistic Forecast Calibration Using ECMWF and GFS Ensemble Reforecasts. Part I: Two-Meter Temperatures,Monthly Weather Review,10.1175/2007mwr2410.1,,187.0,False,Post-processing,1,"Reforecast-calibrated 2m temperature; quantifies how much of ensemble error is systematic and correctable, and how training length matters."
Jussi Leinonen et al.,2020.0,Stochastic Super-Resolution for Downscaling Time-Evolving Atmospheric Fields With a Generative Adversarial Network,IEEE Transactions on Geoscience and Remote Sensing,10.1109/tgrs.2020.3032790,,186.0,False,Deep downscaling,1,"Recurrent stochastic super-resolution GAN generating ensembles of time-evolving high-resolution fields (Swiss radar precipitation, GOES-16 cloud optical thickness), evaluated with rank statistics. The origin of stochastic SR in this field."
Christopher A. T. Ferro et al.,2008.0,On the effect of ensemble size on the discrete and continuous ranked probability scores,Meteorological Applications,10.1002/met.45,,179.0,False,Verification,1,Quantifies the finite-ensemble bias in CRPS/RPS and gives the correction; the paper that made ensemble-size fairness explicit.
Rémi Lam et al.,2022.0,GraphCast: Learning skillful medium-range global weather forecasting,arXiv (Cornell University),,2212.12794,171.0,True,AI models,1,GraphCast preprint version.
Shaun Harrigan et al.,2018.0,Benchmarking ensemble streamflow prediction skill in the UK,Hydrology and earth system sciences,10.5194/hess-22-2023-2018,,169.0,False,Verification,1,"Concrete benchmarking hierarchy (climatology, persistence, raw) applied to an operational ensemble system."
Michaël Zamo et al.,2017.0,Estimation of the Continuous Ranked Probability Score with Limited Information and Applications to Ensemble Weather Forecasts,Mathematical Geosciences,10.1007/s11004-017-9709-7,,159.0,False,Verification,1,CRPS estimation from a finite ensemble is biased; quantifies the error in different CRPS estimators and warns against comparing parametric and ensemble forecasts naively.
Chris Fraley et al.,2009.0,Calibrating Multimodel Forecast Ensembles with Exchangeable and Missing Members Using Bayesian Model Averaging,Monthly Weather Review,10.1175/2009mwr3046.1,,153.0,False,Post-processing,1,Handling exchangeable and MISSING ensemble members - directly relevant to gappy station/member archives.
Simon J. Mason,2004.0,On Using “Climatology” as a Reference Strategy in the Brier and Ranked Probability Skill Scores,Monthly Weather Review,10.1175/1520-0493(2004)132<1891:oucaar>2.0.co;2,,150.0,False,Verification,1,Why 'climatology' as a reference in skill scores is ambiguous and how the choice changes the verdict.
Robert Dunn; Kate M. Willett; D. E. Parker; Lorna Mitchell,2016.0,"Expanding HadISD: quality-controlled, sub-daily station data from 1931","Geoscientific instrumentation, methods and data systems",10.5194/gi-5-473-2016,,148.0,False,Regional,1,"HadISD: quality-controlled sub-daily station data derived from ISD - the QC pipeline for exactly the archive already in use, and a check on its precipitation gaps."
Patrick Samuelsson; Ekaterina Kourzeneva; Dmitrii Mironov,,The impact of lakes on the European climate as simulated by a regional climate model,venue metadata unreliable in OpenAlex (DOI prefix 10.60910); verify at publisher,10.60910/3pj6-v2hf,,146.0,False,Regional,1,Samuelsson et al.: impact of lakes on European climate in a regional climate model (RCA + FLake) - quantifies the lake-induced 2 m temperature signal across Europe. [METADATA CAUTION: OpenAlex year/venue for this DOI are inconsistent with the work; cite from the publisher record.]
Marion Mittermaier et al.,2011.0,A long‐term assessment of precipitation forecast skill using the Fractions Skill Score,Meteorological Applications,10.1002/met.296,,143.0,False,Verification,1,Long-term FSS assessment showing how skilful scale evolves; practical guidance on neighbourhood sizes.
Martin Leutbecher,2018.0,Ensemble size: How suboptimal is less than infinity?,Quarterly Journal of the Royal Meteorological Society,10.1002/qj.3387,,131.0,False,Verification,1,Convergence of CRPS/QS/DSS with ensemble size in an operational 200-member IFS experiment; how many members you actually need.
Yingkai Sha et al.,2020.0,Deep-Learning-Based Gridded Downscaling of Surface Meteorological Variables in Complex Terrain. Part II: Daily Precipitation,Journal of Applied Meteorology and Climatology,10.1175/jamc-d-20-0058.1,,131.0,False,Deep downscaling,1,Companion Part II for daily precipitation.
Anna Rutgersson; Erik Kjellström; Jari Haapala; Martin Stendel; Irina Danilovich; Martin Drews et al.,2022.0,Natural hazards and extreme events in the Baltic Sea region,Earth System Dynamics,10.5194/esd-13-251-2022,,122.0,False,Regional,1,"Rutgersson et al.: natural hazards and extreme events in the Baltic Sea region - the regional hazard review that situates snow bands, surges and ice."
Christopher A. T. Ferro,2013.0,Fair scores for ensemble forecasts,Quarterly Journal of the Royal Meteorological Society,10.1002/qj.2270,,121.0,False,Verification,1,"Fair scores for ensemble forecasts: scores that are optimised by an ensemble sampled from the true distribution, independent of M."
Elizabeth E. Ebert et al.,2013.0,Progress and challenges in forecast verification,Meteorological Applications,10.1002/met.1392,,120.0,False,Verification,1,"Progress and challenges in forecast verification: the standard review covering observation representativeness, point-versus-grid mismatch, and spatial methods."
Ian T. Jolliffe,2007.0,Uncertainty and Inference for Verification Measures,Weather and Forecasting,10.1175/waf989.1,,119.0,False,Verification,1,Uncertainty and inference for verification measures; block/bootstrap approaches for correlated verification samples.
Laurence J. Wilson et al.,2007.0,Calibrated Surface Temperature Forecasts from the Canadian Ensemble Prediction System Using Bayesian Model Averaging,Monthly Weather Review,10.1175/mwr3347.1,,114.0,False,Post-processing,1,Early operational BMA for surface temperature over a large station network (Canada).
Swen Brands et al.,2011.0,On the Use of Reanalysis Data for Downscaling,Journal of Climate,10.1175/jcli-d-11-00251.1,,109.0,False,Deep downscaling,1,"'On the Use of Reanalysis Data for Downscaling' — the canonical entry point on reanalysis-as-predictor-source. NOTE: abstract not retrievable, cited at title level."
Kevin Höhlein et al.,2020.0,A comparative study of convolutional neural network models for wind field downscaling,Meteorological Applications,10.1002/met.1961,,106.0,False,Deep downscaling,1,"CNN/U-Net (DeepRU) downscaling of short-range 100-m WIND forecasts from ERA5 31 km to HRES 9 km, with static high-res predictors (topography, land-sea mask, roughness). Closest architectural template for a wind-focused, forecast-applied, modest-resolution-jump task."
Thomas M. Hamill,1997.0,Reliability Diagrams for Multicategory Probabilistic Forecasts,Weather and Forecasting,10.1175/1520-0434(1997)012<0736:rdfmpf>2.0.co;2,,105.0,False,Verification,1,Reliability diagrams for multicategory probabilistic forecasts.
Petter Lind; Danijel Belušić; Ole B. Christensen; Andreas Dobler; Erik Kjellström; Oskar Landgren et al.,2020.0,Benefits and added value of convection-permitting climate modeling over Fenno-Scandinavia,Climate Dynamics,10.1007/s00382-020-05359-3,,103.0,False,Regional,1,First long-term convection-permitting (3 km HCLIM) simulation over Fenno-Scandinavia: added value and where km-scale actually matters.
Christopher A. T. Ferro,2007.0,Comparing Probabilistic Forecasting Systems with the Brier Score,Weather and Forecasting,10.1175/waf1034.1,,103.0,False,Verification,1,"Comparing forecasting systems with the Brier score, including sampling uncertainty."
Øyvind Sætra et al.,2004.0,Effects of Observation Errors on the Statistics for Ensemble Spread and Reliability,Monthly Weather Review,10.1175/1520-0493(2004)132<1487:eooeot>2.0.co;2,,102.0,False,Verification,1,Observation error inflates apparent underdispersion; you must add observation-error variance before declaring an ensemble underspread.
Malte Müller; Yurii Batrak; Jørn Kristiansen; Morten A. Ø. Køltzow; Gunnar Noer; Anton Korosov,2017.0,Characteristics of a Convective-Scale Weather Forecasting System for the European Arctic,Monthly Weather Review,10.1175/mwr-d-17-0194.1,,101.0,False,Regional,1,AROME-Arctic: characteristics of a convection-permitting forecasting system for the European Arctic.
Victoria Miles; Igor Esau,2017.0,Seasonal and Spatial Characteristics of Urban Heat Islands (UHIs) in Northern West Siberian Cities,Remote Sensing,10.3390/rs9100989,,99.0,False,Regional,1,Miles & Esau: seasonal/spatial UHI characteristics in northern West Siberian cities - first systematic remote-sensing UHI study north of 60N.
M. J. Rodwell et al.,2010.0,A new equitable score suitable for verifying precipitation in numerical weather prediction,Quarterly Journal of the Royal Meteorological Society,10.1002/qj.656,,98.0,False,Verification,1,SEEPS: an equitable categorical score designed specifically to discourage hedging/smoothing in precipitation forecasts.
Douglas Maraun et al.,2018.0,Statistical downscaling skill under present climate conditions: A synthesis of the VALUE perfect predictor experiment,International Journal of Climatology,10.1002/joc.5877,,97.0,False,Deep downscaling,1,"CRITICAL for framing. Synthesis of the VALUE perfect-predictor experiment. States that MOS needs predictors near the target resolution, that PP skill depends crucially on model structure and predictor choice, that inter-annual variability is under-represented by both PP methods and weather generators, and that spatial variability is poorly represented by almost all methods."
Simon J. Mason,2008.0,Understanding forecast verification statistics,Meteorological Applications,10.1002/met.51,,88.0,False,Verification,1,Practitioner's guide to interpreting verification statistics and their sampling behaviour.
Lizao Li et al.,2024.0,Generative emulation of weather forecast ensembles with diffusion models,Science Advances,10.1126/sciadv.adk4489,,88.0,False,Deep downscaling,1,Generative diffusion emulation of forecast ensembles (SEEDS); cheap ensemble augmentation from few members.
Pertti Nurmi,1994.0,Recommendations on the verification of local weather forecasts,European Centre for Medium-Range Weather Forecasts,10.21957/dx25q07hu,,88.0,False,Verification,1,Nurmi's classic ECMWF recommendations on verifying local (station) forecasts; still the most directly applicable checklist for a station-based study.
John Bjørnar Bremnes,2019.0,Ensemble Postprocessing Using Quantile Function Regression Based on Neural Networks and Bernstein Polynomials,Monthly Weather Review,10.1175/mwr-d-19-0227.1,,84.0,False,Post-processing,1,Bernstein quantile network: neural net outputs a flexible quantile function rather than Gaussian parameters. Standard BQN benchmark.
Mikhail Varentsov; Pavel Konstantinov; Alexander Baklanov; Igor Esau; Victoria Miles; Richard Davy,2018.0,Anthropogenic and natural drivers of a strong winter urban heat island in a typical Arctic city,Atmospheric chemistry and physics,10.5194/acp-18-17573-2018,,84.0,False,Regional,1,"Varentsov et al.: winter UHI in Apatity (67.567N, 33.393E) - INSIDE the user's box. Warm anomaly up to 11 K, winter mean 1.9 K, at least 50% attributable to UHI driven mostly by direct anthropogenic heating. The quantitative anchor for an urban predictor."
Timo Dimitriadis et al.,2021.0,Stable reliability diagrams for probabilistic classifiers,Proceedings of the National Academy of Sciences,10.1073/pnas.2016191118,,82.0,False,Verification,1,"The CORP reliability diagram: isotonic-regression-based, free of binning choices, with a consistent score decomposition and uncertainty bands. Use this rather than classic binned reliability plots."
Jorge Baño‐Medina et al.,2021.0,On the suitability of deep convolutional neural networks for continental-wide downscaling of climate change projections,Climate Dynamics,10.1007/s00382-021-05847-0,,81.0,False,Deep downscaling,1,Companion to the above: takes the same CNNs from reanalysis predictors to GCM predictors and tests the two key assumptions explicitly. This is the perfect-prognosis assumption being stress-tested.
Philipp Hess et al.,2022.0,Physically constrained generative adversarial networks for improving precipitation fields from Earth system models,Nature Machine Intelligence,10.1038/s42256-022-00540-1,,81.0,False,Deep downscaling,1,Physically constrained GAN for improving ESM precipitation fields; the constraint-injection approach to keeping generative output physical.
Evgeny Atlaskin; Timo Vihma,2012.0,Evaluation of NWP results for wintertime nocturnal boundary‐layer temperatures over Europe and Finland,Quarterly Journal of the Royal Meteorological Society,10.1002/qj.1885,,80.0,False,Regional,1,Atlaskin & Vihma: NWP wintertime nocturnal boundary-layer temperature errors over Europe and Finland. The canonical statement of the stable-BL cold-bias problem at these latitudes.
Jakob W. Messner et al.,2016.0,Nonhomogeneous Boosting for Predictor Selection in Ensemble Postprocessing,Monthly Weather Review,10.1175/mwr-d-16-0088.1,,78.0,False,Post-processing,1,Boosting for predictor selection inside nonhomogeneous regression: how to add many predictors to EMOS without overfitting. The strongest classical benchmark in Rasp and Lerch.
Margarita Choulga; Ekaterina Kourzeneva; Elena Zakharova; Arkady M. Doganovsky,2014.0,Estimation of the mean depth of boreal lakes for use in numerical weather prediction and climate modelling,Tellus A Dynamic Meteorology and Oceanography,10.3402/tellusa.v66.21295,,78.0,False,Regional,1,Choulga & Kourzeneva: mean depth estimation for boreal lakes (GLDB) for NWP lake parameterisation - the ancillary data that determines how well a model treats Ladoga/Onega.
Martin Ridal; Éric Bazile; Patrick Le Moigne; Roger Randriamampianina; Semjon Schimanke; Ulf Andrae et al.,2024.0,"CERRA, the Copernicus European Regional Reanalysis system",Quarterly Journal of the Royal Meteorological Society,10.1002/qj.4764,,76.0,False,Regional,1,"CERRA system description: 5.5 km HARMONIE reanalysis, 1984-2021, pan-European domain, plus 11 km 10-member EDA and CERRA-Land surface analysis. The candidate high-resolution truth dataset for this box; free via Copernicus CDS."
Hanna K. Lappalainen; Veli‐Matti Kerminen; Tuukka Petäjä; Theo Kurtén; Alexander Baklanov; А. Shvidenko et al.,2016.0,Pan-Eurasian Experiment (PEEX): towards a holistic understanding of the feedbacks and interactions in the land–atmosphere–ocean–society continuum in the northern Eurasian region,Atmospheric chemistry and physics,10.5194/acp-16-14421-2016,,76.0,False,Regional,1,"PEEX: Pan-Eurasian Experiment framework - the main open research-infrastructure initiative covering northern Eurasia, and a route to collaborators and data."
Antoine Doury et al.,2022.0,Regional climate model emulator based on deep learning: concept and first evaluation of a novel hybrid downscaling approach,Climate Dynamics,10.1007/s00382-022-06343-9,,75.0,False,Deep downscaling,1,RCM emulator via neural network: learns the RCM's own downscaling function for near-surface temperature. The emulator framing that makes the perfect/imperfect distinction concrete.
Markus Dabernig et al.,2016.0,Spatial ensemble post‐processing with standardized anomalies,Quarterly Journal of the Royal Meteorological Society,10.1002/qj.2975,,74.0,False,Post-processing,1,"SAMOS: standardized anomalies let ONE model be fitted across many stations at once, removing site and seasonal effects. Key precursor to pooled training."
Peter F. Sheridan; Samantha Smith; A. R. Brown; Simon Vosper,2010.0,A simple height-based correction for temperature downscaling in complex terrain,Meteorological Applications,10.1002/met.177,,73.0,False,Regional,1,"Simple height-based temperature downscaling in complex terrain - the minimal baseline any station correction must beat, relevant to the -128 to +72 m station-vs-orography spread."
Geraldine Wong et al.,2014.0,Stochastic Model Output Statistics for Bias Correcting and Downscaling Precipitation Including Extremes,Journal of Climate,10.1175/jcli-d-13-00604.1,,71.0,False,Deep downscaling,1,Stochastic model output statistics for bias correction and downscaling including extremes; the stochastic-MOS template.
A. H. Winstral et al.,2016.0,Statistical Downscaling of Gridded Wind Speed Data Using Local Topography,Journal of Hydrometeorology,10.1175/jhm-d-16-0054.1,,69.0,False,Post-processing,1,Statistical downscaling of gridded wind using local topography descriptors - the terrain-predictor construction pattern.
Morteza Mardani et al.,2025.0,Residual corrective diffusion modeling for km-scale atmospheric downscaling,Communications Earth & Environment,10.1038/s43247-025-02042-5,,68.0,False,Deep downscaling,1,"CorrDiff journal version: two-step design where a U-Net predicts the conditional mean and a corrector diffusion model predicts the residual, mapping 25 km global reanalysis to 2 km regional-model output over Taiwan; recovers power-law spectra that deterministic regression loses. The reference architecture for corrective diffusion."
Stefan Siegert et al.,2016.0,Detecting Improvements in Forecast Correlation Skill: Statistical Testing and Power Analysis,Monthly Weather Review,10.1175/mwr-d-16-0037.1,,67.0,False,Verification,1,Statistical testing for improvements in correlation skill with correlated samples; the significance-testing counterpart to score differences.
Morten Køltzow; Harald Schyberg; Eivind Støylen; Xiaohua Yang,2022.0,Value of the Copernicus Arctic Regional Reanalysis (CARRA) in representing near-surface temperature and wind speed in the north-east European Arctic,Polar Research,10.33265/polar.v41.8002,,66.0,False,Regional,1,CARRA vs ERA5 against station T2m/WS10 in NE European Arctic. Quantifies representativeness error as 50-60% of total T2m MAE for BOTH reanalyses - the ceiling any downscaling of gridded fields faces. CARRA-East covers Kola but not the southern box.
Mikhail Varentsov; Timofey Samsonov; Matthias Demuzere,2020.0,Impact of Urban Canopy Parameters on a Megacity’s Modelled Thermal Environment,Atmosphere,10.3390/atmos11121349,,66.0,False,Regional,1,Varentsov et al.: urban canopy parameters in COSMO/TERRA_URB for Moscow - how much urban ancillary detail actually changes modelled temperature.
Moritz N. Lang et al.,2020.0,Remember the past: a comparison of time-adaptive training schemes for non-homogeneous regression,Nonlinear processes in geophysics,10.5194/npg-27-23-2020,,66.0,False,Post-processing,1,Time-adaptive training schemes for NGR on central-European 2m temperature; how to handle seasonality without a long archive.
Andrea K. Kaiser-Weiss; Michael Borsche; Deborah Niermann; Frank Kaspar; Cristian Lussana; Francesco Isotta et al.,2019.0,Added value of regional reanalyses for climatological applications,Environmental Research Communications,10.1088/2515-7620/ab2ec3,,65.0,False,Regional,1,"UERRA project synthesis: added value of regional reanalyses for climatology, and the uncertainty spread between three independent regional reanalysis systems."
Lily‐belle Sweet et al.,2023.0,Cross-Validation Strategy Impacts the Performance and Interpretation of Machine Learning Models,Artificial Intelligence for the Earth Systems,10.1175/aies-d-23-0026.1,,65.0,False,Verification,1,Direct demonstration that CV design changes both measured skill and model interpretation on spatiotemporal climate data; feature-space clustering CV performed best on held-out years and regions.
Kerttu Kouki; Kari Luojus; Aku Riihelä,2023.0,Evaluation of snow cover properties in ERA5 and ERA5-Land with several satellite-based datasets in the Northern Hemisphere in spring 1982–2018,The cryosphere,10.5194/tc-17-5007-2023,,65.0,False,Regional,1,Kouki et al.: snow cover properties in ERA5 and ERA5-Land vs satellite datasets - where the snow fields that drive winter surface error are wrong.
Diego Monteiro; Samuel Morin,2023.0,"Multi-decadal analysis of past winter temperature, precipitation and snow cover data in the European Alps from reanalyses, climate models and observational datasets",The cryosphere,10.5194/tc-17-3617-2023,,64.0,False,Regional,1,"Multi-decadal intercomparison of ERA5, ERA5-Land, CERRA-Land, UERRA MESCAN-SURFEX for winter temperature, precipitation, snow. Template for how to benchmark competing gridded products."
Maxime Taillardat et al.,2020.0,From research to applications – examples of operational ensemble post-processing in France using machine learning,Nonlinear processes in geophysics,10.5194/npg-27-329-2020,,63.0,False,Post-processing,1,"Meteo-France operational ML postprocessing at industrial scale, incl. station-based temperature then interpolation to grid."
Ilan Price et al.,2023.0,GenCast: Diffusion-based ensemble forecasting for medium-range weather,arXiv (Cornell University),,2312.15796,63.0,True,AI models,1,GenCast preprint.
Gian-Duri Lieberherr; Stefan Wunderle,2018.0,Lake Surface Water Temperature Derived from 35 Years of AVHRR Sensor Data for European Lakes,Remote Sensing,10.3390/rs10070990,,62.0,False,Regional,1,"35-year AVHRR lake surface water temperature for European lakes - open satellite LSWT, a way to get Ladoga/Onega surface state without institutional data."
Douglas Maraun et al.,2018.0,Cross-validation of bias-corrected climate simulations is misleading,Hydrology and earth system sciences,10.5194/hess-22-4867-2018,,61.0,False,Deep downscaling,1,"Cross-validation of bias-corrected free-running simulations is misleading: the residual bias in the validation period depends on the difference in change between calibration and validation periods, which is dominated by internal variability. Directly relevant to interpreting held-out-period scores."
A. Allen Bradley et al.,2011.0,Summary Verification Measures and Their Interpretation for Ensemble Forecasts,Monthly Weather Review,10.1175/2010mwr3305.1,,59.0,False,Verification,1,Interpretation of summary ensemble verification measures and their decompositions.
Johannes Brozovsky; Niki Gaitani; Arild Gustavsen,2020.0,A systematic review of urban climate research in cold and polar climate regions,Renewable and Sustainable Energy Reviews,10.1016/j.rser.2020.110551,,56.0,False,Regional,1,Brozovsky et al.: systematic review of urban climate research in cold and polar climate regions - shows where the literature is concentrated and where it is absent.
Sanaa Hobeichi et al.,2023.0,Using Machine Learning to Cut the Cost of Dynamical Downscaling,Earth s Future,10.1029/2022ef003291,,53.0,False,Deep downscaling,1,ML as a cheaper substitute for dynamical downscaling; framing of cost-vs-skill tradeoff.
Daniel S. Wilks,2018.0,Univariate Ensemble Postprocessing,Elsevier eBooks,10.1016/b978-0-12-812372-0.00003-0,,51.0,False,Post-processing,1,Wilks' textbook chapter on univariate ensemble postprocessing - the cleanest formal treatment of EMOS/BMA/logistic regression.
Manuel Gebetsberger et al.,2018.0,Estimation Methods for Nonhomogeneous Regression Models: Minimum Continuous Ranked Probability Score versus Maximum Likelihood,Monthly Weather Review,10.1175/mwr-d-17-0364.1,,49.0,False,Post-processing,1,Estimation choices for nonhomogeneous regression: minimum CRPS vs maximum likelihood. Matters for small per-station samples.
Marijn van der Meer et al.,2023.0,Deep Learning Regional Climate Model Emulators: A Comparison of Two Downscaling Training Frameworks,Journal of Advances in Modeling Earth Systems,10.1029/2022ms003593,,48.0,False,Deep downscaling,1,CRITICAL for framing. Directly compares a 'perfect model' training framework (upscaled RCM predictors) against an 'imperfect' one (actual GCM predictors). The perfect-framework emulator scored well on upscaled data but propagated GCM-RCM inconsistencies and underestimated when driven by real GCM output. This is the formal demonstration that skill measured in the perfect setting does not transfer.
Tilmann Gneiting et al.,2023.0,"Regression diagnostics meets forecast evaluation: conditional calibration, reliability diagrams, and coefficient of determination",Electronic Journal of Statistics,10.1214/23-ejs2180,,48.0,False,Verification,1,Conditional calibration and reliability diagnostics recast as regression diagnostics; introduces the diagnostic framework behind CORP.
Mikhail Varentsov; Daniel Fenner; Fred Meier; Timofey Samsonov; Matthias Demuzere,2021.0,Quantifying Local and Mesoscale Drivers of the Urban Heat Island of Moscow with Reference and Crowdsourced Observations,Frontiers in Environmental Science,10.3389/fenvs.2021.716968,,48.0,False,Regional,1,Varentsov et al.: local and mesoscale drivers of the Moscow UHI using reference AND crowdsourced (Netatmo) stations - the methodological template for getting urban observations without institutional access.
Frank Kaspar; Deborah Niermann; Michael Borsche; Stephanie Fiedler; Jan D. Keller; Roland Potthast et al.,2020.0,Regional atmospheric reanalysis activities at Deutscher Wetterdienst: review of evaluation results and application examples with a focus on renewable energy,Advances in science and research,10.5194/asr-17-115-2020,,48.0,False,Regional,1,DWD COSMO regional reanalyses (to 2 km): review of evaluation results and access. Useful model for what a regional reanalysis can and cannot add over a global one.
Alexander Henzi et al.,2021.0,Isotonic Distributional Regression,Journal of the Royal Statistical Society Series B (Statistical Methodology),10.1111/rssb.12450,,47.0,False,Post-processing,1,Isotonic distributional regression - the theory behind EasyUQ and IDR benchmarks.
Nigel Roberts et al.,2023.0,IMPROVER: The New Probabilistic Postprocessing System at the Met Office,Bulletin of the American Meteorological Society,10.1175/bams-d-21-0273.1,,47.0,False,Post-processing,1,"IMPROVER, the Met Office probabilistic postprocessing system - the framework used in the AIFS postprocessing test below."
Maxime Taillardat et al.,2019.0,Forest-Based and Semiparametric Methods for the Postprocessing of Rainfall Ensemble Forecasting,Weather and Forecasting,10.1175/waf-d-18-0149.1,,47.0,False,Post-processing,1,Forest-based and semiparametric postprocessing (rainfall); shows how tree methods handle the non-Gaussian case.
Hai Lin et al.,2023.0,Deep learning downscaled high-resolution daily near surface meteorological datasets over East Asia,Scientific Data,10.1038/s41597-023-02805-9,,46.0,False,Deep downscaling,1,U-Net downscaling producing a nine-variable 0.1 deg dataset over East Asia from CMIP6 + MSWX. Example of the bias-correct-then-U-Net production pipeline.
Ignacio Lopez‐Gomez et al.,2025.0,Dynamical-generative downscaling of climate model ensembles,Proceedings of the National Academy of Sciences,10.1073/pnas.2420288122,,46.0,False,Deep downscaling,1,Dynamical-generative downscaling of climate model ensembles; the hybrid framing where a dynamical step is followed by a generative step.
Christopher A. T. Ferro et al.,2012.0,A bias‐corrected decomposition of the Brier score,Quarterly Journal of the Royal Meteorological Society,10.1002/qj.1924,,44.0,False,Verification,1,Bias-corrected decomposition of the Brier score for finite ensembles.
Pedro M. M. Soares et al.,2024.0,High-resolution downscaling of CMIP6 Earth system and global climate models using deep learning for Iberia,Geoscientific model development,10.5194/gmd-17-229-2024,,42.0,False,Deep downscaling,1,Four CNN architectures downscaling seven CMIP6 models to 0.1 deg over Iberia. Useful for architecture-choice evidence at a regional scale.
Reinhold Hess,2020.0,Statistical postprocessing of ensemble forecasts for severe weather at Deutscher Wetterdienst,Nonlinear processes in geophysics,10.5194/npg-27-473-2020,,42.0,False,Post-processing,1,"DWD's operational Ensemble-MOS: what a national service actually runs, and how they treat extremes."
Seonaid R. A. Dey et al.,2016.0,A new method for the characterization and verification of local spatial predictability for convective‐scale ensembles,Quarterly Journal of the Royal Meteorological Society,10.1002/qj.2792,,41.0,False,Verification,1,Characterising local spatial predictability for convective-scale ensembles; the neighbourhood question posed as predictability.
Martin Göber; Ervin Zsótér; David Richardson,2008.0,Could a perfect model ever satisfy a naïve forecaster? On grid box mean versus point verification,Meteorological Applications,10.1002/met.78,,39.0,False,Regional,1,Grid box mean vs point verification: a PERFECT model scores badly against point observations; error from wrong-kind verification is of order the forecast error itself. Directly frames the 1.31 K ERA5 floor already measured.
Ilan Price et al.,2022.0,Increasing the accuracy and resolution of precipitation forecasts using deep generative models,arXiv (Cornell University),10.48550/arxiv.2203.12297,2203.12297,39.0,True,Deep downscaling,1,CorrectorGAN: simultaneous bias correction and super-resolution of global ensemble forecasts over CONUS with radar as ground truth. Preprint; the correct-then-downscale two-stage idea in early form.
Roger Randriamampianina; Niels Bormann; Morten A. Ø. Køltzow; Heather Lawrence; Irina Sandu; Zheng Qi Wang,2021.0,Relative impact of observations on a regional Arctic numerical weather prediction system,Quarterly Journal of the Royal Meteorological Society,10.1002/qj.4018,,37.0,False,Regional,1,Observing-system experiments in AROME-Arctic: relative impact of Arctic conventional and satellite observations on regional forecast skill.
Kalle Eerola; Laura Rontu; Ekaterina Kourzeneva; Ekaterina Shcherbak,,A study on effects of lake temperature and ice cover in HIRLAM,venue metadata unreliable in OpenAlex (DOI prefix 10.60910); verify at publisher,10.60910/mc88-ndnz,,36.0,False,Regional,1,"Eerola & Rontu: effects of lake temperature and ice cover in HIRLAM - different LST treatments give different screen-level temperature and ice cover, with local effects near lakes. [METADATA CAUTION: OpenAlex year/venue for this DOI are inconsistent with the work; cite from the publisher record.]"
Emy Alerskans et al.,2022.0,A transformer neural network for predicting <scp>near‐surface</scp> temperature,Meteorological Applications,10.1002/met.2098,,35.0,False,Post-processing,1,"Transformer postprocessing of 2m temperature trained on >1000 private weather stations; reports bias/STD for raw NWP, LR, NN and transformer. Coastal dependence noted."
José González-Abad et al.,2023.0,Using Explainability to Inform Statistical Downscaling Based on Deep Learning Beyond Standard Validation Approaches,Journal of Advances in Modeling Earth Systems,10.1029/2023ms003641,,34.0,False,Deep downscaling,1,"Explainability-based evaluation of perfect-prognosis DL downscaling models, arguing standard validation is insufficient and introducing saliency diagnostics. Read for why held-out RMSE is not enough."
Caren Marzban et al.,2010.0,On the Effect of Correlations on Rank Histograms: Reliability of Temperature and Wind Speed Forecasts from Finescale Ensemble Reforecasts,Monthly Weather Review,10.1175/2010mwr3129.1,,34.0,False,Verification,1,Spatial/temporal correlation distorts rank histograms; a U-shape can appear without genuine underdispersion.
Jordi Mazón; Sami Niemelä; David Pino; Hannu Savijärvi; Timo Vihma,2015.0,Snow bands over the Gulf of Finland in wintertime,Tellus A Dynamic Meteorology and Oceanography,10.3402/tellusa.v67.25102,,32.0,False,Regional,1,"Snow bands over the Gulf of Finland: WRF + radar for Jan 2006 and Feb 2012. Bands >300 km long, easterly winds 12-14 m/s, ~18 K land-sea potential temperature contrast driving colliding land breezes with ~86 cm/s updraught. The single most on-domain mesoscale paper found."
Mikhail Varentsov; Pavel Konstantinov; Irina Repina; Arseniy Artamonov; A.S. Pechkin; Andrei Soromotin et al.,2022.0,Observations of the urban boundary layer in a cold climate city,Urban Climate,10.1016/j.uclim.2022.101351,,31.0,False,Regional,1,"Varentsov et al.: urban boundary-layer observations in a cold-climate city (Nadym) - vertical structure, not just screen level."
Neelesh Rampal et al.,2025.0,A Reliable Generative Adversarial Network Approach for Climate Downscaling and Weather Generation,Journal of Advances in Modeling Earth Systems,10.1029/2024ms004668,,31.0,False,Deep downscaling,1,"A GAN design aimed at reliability (calibrated ensembles) rather than only sharpness, for downscaling and weather generation."
Ophélia Miralles et al.,2022.0,Downscaling of Historical Wind Fields over Switzerland Using Generative Adversarial Networks,Artificial Intelligence for the Earth Systems,10.1175/aies-d-22-0018.1,,29.0,False,Deep downscaling,1,GAN downscaling of historical WIND fields over Switzerland. Wind-specific generative downscaling in complex terrain.
Hilde Haakenstad; Øyvind Breivik,2022.0,NORA3. Part II: Precipitation and Temperature Statistics in Complex Terrain Modeled with a Nonhydrostatic Model,Journal of Applied Meteorology and Climatology,10.1175/jamc-d-22-0005.1,,29.0,False,Regional,1,NORA3: 3 km convection-permitting hindcast over Scandinavia/Nordic seas driven by ERA5 - precipitation and temperature statistics in complex terrain.
Francesco Cavalleri; Francesca Viterbo; Michele Brunetti; Riccardo Bonanno; Veronica Manara; Cristian Lussana et al.,2024.0,Inter‐comparison and validation of high‐resolution surface air temperature reanalysis fields over Italy,International Journal of Climatology,10.1002/joc.8475,,28.0,False,Regional,1,"Inter-comparison and validation of high-resolution surface air temperature reanalysis fields, including CERRA, against dense station data."
Julia Jeworrek; Lichuan Wu; Christian Dieterich; Anna Rutgersson,2017.0,Characteristics of convective snow bands along the Swedish east coast,Earth System Dynamics,10.5194/esd-8-163-2017,,28.0,False,Regional,1,Jeworrek et al.: convective snow bands along the Swedish east coast - the Baltic analogue with coupled atmosphere-ocean-wave modelling.
Yurii Batrak; Ekaterina Kourzeneva; Mariken Homleid,2018.0,"Implementation of a simple thermodynamic sea ice scheme, SICE version 1.0-38h1, within the ALADIN–HIRLAM numerical weather prediction system version 38h1",Geoscientific model development,10.5194/gmd-11-3347-2018,,27.0,False,Regional,1,Batrak et al.: simple thermodynamic sea-ice scheme in ALADIN-HIRLAM. Notes 2 m temperature MAE reaching 1.5 C at +15 h for Svalbard when ice properties are misrepresented.
Michael Scheuerer et al.,2013.0,"Gridded, locally calibrated, probabilistic temperature forecasts based on ensemble model output statistics",Quarterly Journal of the Royal Meteorological Society,10.1002/qj.2323,,26.0,False,Post-processing,1,"Gridded, locally calibrated probabilistic temperature via EMOS - the station-to-grid extrapolation problem."
Hannu Savijärvi,2012.0,Cold air outbreaks over high-latitude sea gulfs,Tellus A Dynamic Meteorology and Oceanography,10.3402/tellusa.v64i0.12244,,26.0,False,Regional,1,Savijarvi: idealised 2-D cold-air outbreak across an 80 km non-frozen gulf at 60N - explicitly a 'Gulf of Finland' configuration. Mechanism paper for mid-gulf land-breeze convergence and snow bands.
Sebastian Lerch et al.,2017.0,Forecaster’s Dilemma: Extreme Events and Forecast Evaluation,Statistical Science,10.1214/16-sts588,,25.0,False,Verification,1,The forecaster's dilemma: conditioning verification on observed extremes favours hedged forecasts. Explains why you cannot simply score 'the cold days only'.
Maxime Taillardat et al.,2022.0,Evaluating probabilistic forecasts of extremes using continuous ranked probability score distributions,International Journal of Forecasting,10.1016/j.ijforecast.2022.07.003,,22.0,False,Verification,1,Weighted scoring rules for evaluating forecasts of extremes without losing propriety.
Gregor Skok et al.,2017.0,Verification of Gridded Wind Forecasts in Complex Alpine Terrain: A New Wind Verification Methodology Based on the Neighborhood Approach,Monthly Weather Review,10.1175/mwr-d-16-0471.1,,22.0,False,Verification,1,Neighbourhood-based wind verification in complex Alpine terrain; a template for verifying wind in orographically complex regions.
Sabine Radanovics et al.,2018.0,Spatial Verification of Ensemble Precipitation: An Ensemble Version of SAL,Weather and Forecasting,10.1175/waf-d-17-0162.1,,22.0,False,Verification,1,Ensemble version of the SAL structure-amplitude-location score: a features-based alternative to neighbourhood methods for spatial ensemble verification.
Elena Tomasi et al.,2025.0,Can AI be enabled to perform dynamical downscaling? A latent diffusion model to mimic kilometer-scale COSMO5.0_CLM9 simulations,Geoscientific model development,10.5194/gmd-18-2051-2025,,21.0,False,Deep downscaling,1,"Latent diffusion model downscaling ERA5 to 2 km over Italy for 2-m temperature and 10-m wind components, targeting COSMO-CLM output, built as a residual on a U-Net reference. The most transferable diffusion setup for the user's variables (temperature and wind, not precipitation)."
Jacob T. Radford; Imme Ebert‐Uphoff; Jebb Q. Stewart,2025.0,A Comparison of AI Weather Prediction and Numerical Weather Prediction Models for 1–7-Day Precipitation Forecasts,Weather and Forecasting,10.1175/waf-d-24-0081.1,,16.0,False,Regional,1,"Radford et al.: AI weather prediction vs NWP for 1-7 day precipitation - the variable the user cannot verify locally, so read for method not for truth data."
Tobias Necker et al.,2024.0,The fractions skill score for ensemble forecast verification,Quarterly Journal of the Royal Meteorological Society,10.1002/qj.4824,,15.0,False,Verification,1,Four candidate ensemble FSS formulations behave very differently; only the probabilistic FSS is well behaved with ensemble size. Essential if you use FSS on an ensemble.
Zheng Qi Wang; Roger Randriamampianina,2021.0,The Impact of Assimilating Satellite Radiance Observations in the Copernicus European Regional Reanalysis (CERRA),Remote Sensing,10.3390/rs13030426,,15.0,False,Regional,1,"Satellite radiance assimilation in CERRA - explains why CERRA is pinned to observations, the same assimilation-circularity trap already found with ERA5 and SYNOP."
Taru Olsson; Tuuli Perttula; Kirsti Jylhä; Anna Luomaranta,2017.0,Intense sea-effect snowfall case on the western coast of Finland,Advances in science and research,10.5194/asr-14-231-2017,,15.0,False,Regional,1,"Intense sea-effect snowfall case, W Finland: 73 cm (31 mm liquid) in under a day, very small footprint. Shows the spatial scale a 0.25 deg forecast cannot resolve."
Laura Slivinski et al.,2025.0,Assimilating Observed Surface Pressure Into ML Weather Prediction Models,Geophysical Research Letters,10.1029/2024gl114396,,14.0,False,AI models,1,Slivinski et al.: assimilating surface pressure into ML models produces noise needing spectral filtering — evidence that ML models are not robust to off-manifold inputs.
Martin Leutbecher et al.,2019.0,On the probabilistic skill of dual‐resolution ensemble forecasts,Quarterly Journal of the Royal Meteorological Society,10.1002/qj.3704,,13.0,False,Verification,1,Probabilistic skill of dual-resolution ensembles; fair scores used to compare configurations with unequal member counts.
Luca Glawion et al.,2025.0,Global spatio-temporal ERA5 precipitation downscaling to km and sub-hourly scale using generative AI,npj Climate and Atmospheric Science,10.1038/s41612-025-01103-y,,12.0,False,Deep downscaling,1,"spateGAN-ERA5: ERA5 precipitation from 24 km/1 h to 2 km/10 min globally, trained solely on German data and validated elsewhere. Evidence on how far a regionally trained generative model transfers."
Cristian Lussana; Ole Einar Tveito; Andreas Dobler; Ketil Tunheim,2019.0,"seNorge_2018, daily precipitation and temperature datasets over Norway",Earth System Science Data (discussion paper),10.5194/essd-2019-43,,12.0,True,Regional,1,seNorge_2018: 1 km daily gridded precipitation and temperature over Norway from station interpolation. Shows what a national gridded product looks like - and that no equivalent exists openly for NW Russia.
Ayumi Fujisaki‐Manome; David Wright; Greg Mann; Eric J. Anderson; Philip Chu; Christiane Jablonowski et al.,2022.0,"Forecasting lake‐/sea‐effect snowstorms, advancement, and challenges",Wiley Interdisciplinary Reviews Water,10.1002/wat2.1594,,11.0,False,Regional,1,"Review: forecasting lake-/sea-effect snowstorms, advancements and challenges. Entry point to the whole subfield."
Pavel Konstantinov; Mikhail Varentsov; Natalia Shartova,2022.0,North Eurasian thermal comfort indices dataset (NETCID): new gridded database for the biometeorological studies,Environmental Research Letters,10.1088/1748-9326/ac7fa9,,11.0,False,Regional,1,NETCID: gridded North Eurasian thermal comfort indices - an example of a Russian-domain gridded product built from reanalysis because station data are sparse and restricted.
Andrey G. Kostianoy; С. А. Лебедев; Evgeniia A. Kostianaia; Yaan A. Prokofiev,2022.0,Interannual Variability of Water Level in Two Largest Lakes of Europe,Remote Sensing,10.3390/rs14030659,,11.0,False,Regional,1,Kostianoy & Lebedev: interannual water-level variability of Ladoga and Onega (Europe's two largest lakes) from satellite altimetry - open remote-sensing route to lake state.
Taru Olsson; Anna Luomaranta; Kirsti Jylhä; Julia Jeworrek; Tuuli Perttula; Christian Dieterich et al.,2020.0,Statistics of sea-effect snowfall along the Finnish coastline based on regional climate model data,Advances in science and research,10.5194/asr-17-87-2020,,11.0,False,Regional,1,Olsson et al.: statistics of sea-effect snowfall along the Finnish coastline from regional climate model data - defines the meteorological conditions favouring snow bands over the NE Baltic.
Marieke Wesselkamp et al.,2025.0,"Advances in land surface forecasting: a comparison of LSTM, gradient boosting, and feed-forward neural networks as prognostic state emulators in a case study with ecLand",Geoscientific model development,10.5194/gmd-18-921-2025,,11.0,False,AI models,1,Wesselkamp et al.: LSTM vs gradient boosting vs MLP as ecLand land-surface emulators. Relevant because your box is snow/boreal-surface dominated and because it benchmarks exactly the model classes your hardware supports.
Peter Manshausen et al.,2025.0,Generative Data Assimilation of Sparse Weather Station Observations at Kilometer Scales,Journal of Advances in Modeling Earth Systems,10.1029/2024ms004505,,10.0,False,AI models,1,Manshausen et al.: generative data assimilation of SPARSE weather station observations at km scale; 10% lower RMSE on held-out stations. Note the caveat of insufficiently dispersive ensembles.
Xiaohui Zhong et al.,2025.0,FuXi-ENS: A machine learning model for efficient and accurate ensemble weather prediction,Science Advances,10.1126/sciadv.adu2854,,10.0,False,AI models,1,"FuXi-ENS: CRPS-trained ensemble, an independent line to AIFS-CRPS."
Eva‐Maria Walz et al.,2024.0,Easy Uncertainty Quantification (EasyUQ): Generating Predictive Distributions from Single-Valued Model Output,SIAM Review,10.1137/22m1541915,,10.0,False,Post-processing,1,EasyUQ / isotonic distributional regression: turns a SINGLE-VALUED forecast into a calibrated distribution with almost no tuning. The natural baseline for a deterministic AI model.
Thomas Bailie et al.,2024.0,Quantile-Regression-Ensemble: A Deep Learning Algorithm for Downscaling Extreme Precipitation,Proceedings of the AAAI Conference on Artificial Intelligence,10.1609/aaai.v38i20.30193,,10.0,False,Deep downscaling,1,Quantile-regression ensemble for downscaling extreme precipitation; a cheaper alternative to adversarial training for tail calibration.
Laura Rontu; Kalle Eerola; Matti Horttanainen,2019.0,Validation of lake surface state in the HIRLAM v.7.4 numerical weather prediction model against in situ measurements in Finland,Geoscientific model development,10.5194/gmd-12-3707-2019,,10.0,False,Regional,1,Rontu & Eerola: validation of HIRLAM lake surface state (FLake + LSWT analysis) against in-situ measurements.
Hannu Savijärvi,2015.0,Cold air outbreaks along a non-frozen sea channel: effects of wind on snow bands,Meteorology and Atmospheric Physics,10.1007/s00703-015-0370-8,,9.0,False,Regional,1,Savijarvi follow-up: effect of wind speed on snow bands along a non-frozen sea channel.
Sebastian J. Arnold et al.,2024.0,Decompositions of the mean continuous ranked probability score,Electronic Journal of Statistics,10.1214/24-ejs2316,,9.0,False,Verification,1,"Modern rigorous treatment of CRPS decompositions (CORP-style), correcting bias in classical binned decompositions."
Simon Lang et al.,2024.0,AIFS-CRPS: Ensemble forecasting using a model trained with a loss function based on the Continuous Ranked Probability Score,arXiv (Cornell University),10.48550/arxiv.2412.15832,2412.15832,9.0,True,Deep downscaling,1,Preprint version of AIFS-CRPS.
Timothy A. Smith et al.,2023.0,Temporal Subsampling Diminishes Small Spatial Scales in Recurrent Neural Network Emulators of Geophysical Turbulence,Journal of Advances in Modeling Earth Systems,10.1029/2023ms003792,,8.0,False,Verification,1,Temporal subsampling in RNN emulators diminishes small spatial scales; mechanism linking training-loss design to loss of variance.
Mikhail Varentsov; Timofey Samsonov; Pavel Kargashin; P. A. Korosteleva; Alexander Varentsov; A A Perkhurova et al.,2020.0,Citizen weather stations data for monitoring applications and urban climate research: an example of Moscow megacity,IOP Conference Series Earth and Environmental Science,10.1088/1755-1315/611/1/012055,,8.0,False,Regional,1,"Varentsov et al.: using Netatmo citizen weather stations for urban climate research in Moscow, with an explicit uncertainty evaluation. Directly relevant given the ISD network has no urban density in St Petersburg."
Barbara Casati et al.,2022.0,The 2020 International Verification Methods Workshop Online: Major Outcomes and Way Forward,Bulletin of the American Meteorological Society,10.1175/bams-d-21-0126.1,,8.0,False,Verification,1,Outcomes of the 2020 International Verification Methods Workshop; current state of spatial and high-resolution verification practice.
Massimo Bonavita,2023.0,On some limitations of data-driven weather forecasting models,arXiv (Cornell University),,2309.08473,8.0,True,AI models,1,Preprint version of the above; note its conclusion that ML models already add value as post-processing-like tools.
Francesco Zanetta et al.,2023.0,Physics-Constrained Deep Learning Postprocessing of Temperature and Humidity,Artificial Intelligence for the Earth Systems,10.1175/aies-d-22-0089.1,,7.0,False,Post-processing,1,Physics-constrained deep-learning postprocessing enforcing thermodynamic consistency between temperature and humidity; advantage largest when DATA ARE SCARCE.
Pan Liujie et al.,2025.0,Comparative Analysis of Precipitation Forecasts between the ECMWF Artificial Intelligence System (AIFS) and Its Integrated Forecast System (IFS),Weather and Forecasting,10.1175/waf-d-24-0227.1,,7.0,False,AI models,1,Direct AIFS vs IFS precipitation comparison — the AIFS-specific verification you need before choosing a target variable.
Rasmus Benestad et al.,2025.0,Downscaling the probability of heavy rainfall over the Nordic countries,Hydrology and earth system sciences,10.5194/hess-29-45-2025,,7.0,False,Deep downscaling,1,"The only northern-European statistical downscaling paper retrieved: empirical-statistical downscaling of heavy-rainfall probability and IDF curves over the Nordic countries. Nearest-region precedent, but not deep learning and precipitation-focused."
Joel Oskarsson et al.,2023.0,Graph-based Neural Weather Prediction for Limited Area Modeling,arXiv (Cornell University),,2309.1737,7.0,True,AI models,1,"Oskarsson et al., Neural-LAM — the original graph-based limited-area formulation and open codebase."
Morten Køltzow; Rafael Grote; Andrew Singleton,2021.0,On the configuration of a regional Arctic Numerical Weather Prediction system to maximize predictive capacity,Tellus A Dynamic Meteorology and Oceanography,10.1080/16000870.2021.1976093,,6.0,False,Regional,1,"Configuration of a regional Arctic NWP system to maximise predictive capability - what resolution, physics and boundary choices actually buy."
Jakob Benjamin Wessel et al.,2024.0,Lead‐time‐continuous statistical postprocessing of ensemble weather forecasts,Quarterly Journal of the Royal Meteorological Society,10.1002/qj.4701,,5.0,False,Post-processing,1,Lead-time-continuous postprocessing: one model across lead times instead of one model per lead time. Directly reduces the number of fits needed.
Arlan Dirkson et al.,2025.0,The Effect of Ensemble Size on the Mean Squared Error and Spread–Error Relationship,Monthly Weather Review,10.1175/mwr-d-24-0189.1,,5.0,False,Verification,1,"Effect of ensemble size on MSE and the spread-error relationship, with correction factors."
David Jobst et al.,2024.0,Time‐series‐based ensemble model output statistics for temperature forecasts postprocessing,Quarterly Journal of the Royal Meteorological Society,10.1002/qj.4844,,4.0,False,Post-processing,1,"Time-series EMOS for temperature with seasonality, trend and autoregressive error structure."
Sándor Baran et al.,2024.0,Clustering-Based Spatial Interpolation of Parametric Postprocessing Models,Weather and Forecasting,10.1175/waf-d-24-0016.1,,4.0,False,Post-processing,1,Clustering-based spatial interpolation of EMOS parameters to locations with NO training data; beats regionally-estimated and interpolated EMOS.
David Jobst et al.,2024.0,Time Series based Ensemble Model Output Statistics for Temperature Forecasts Postprocessing,arXiv preprint,,2402.00555,4.0,True,Post-processing,1,Preprint version of the time-series EMOS work.
Stylianos Hadjipetrou,2026.0,A review of statistical methods for climate downscaling: the underexplored potential of geostatistical simulation,Theoretical and Applied Climatology,10.1007/s00704-026-06120-2,,3.0,False,Deep downscaling,1,Recent review of statistical downscaling with emphasis on stochastic/geostatistical simulation. Useful counterweight to the DL-only literature.
Jorge Baño-Medina et al.,2025.0,A regional high resolution AI weather model for the prediction of atmospheric rivers and extreme precipitation,npj Climate and Atmospheric Science,10.1038/s41612-025-01265-9,,3.0,False,AI models,1,Bano-Medina et al.: regional stretched-grid AI model at 6 km over western US; captures extreme precipitation that coarse global models underestimate.
Sebastian Lerch et al.,2015.0,Similarity-based semi-local estimation of EMOS models,Journal of the Royal Statistical Society Series C (Applied Statistics),10.1111/rssc.12153,1509.03521,3.0,False,Post-processing,1,"Semi-local EMOS: augment each station's training data with data from SIMILAR stations, chosen by distance or by clustering on climatology and forecast-error features. The central answer to per-station vs pooled."
Zhongwei Zhang et al.,2026.0,Physics-based models outperform AI weather forecasts of record-breaking extremes,Science Advances,10.1126/sciadv.aec1433,,3.0,False,AI models,1,"Zhang et al., Sci Adv 2026: for RECORD-BREAKING extremes HRES still beats GraphCast/Pangu/FuXi; AI models underestimate frequency and intensity of records, underpredict hot records, overpredict cold records, errors grow with exceedance."
Tom Beucler et al.,2025.0,Distilling Machine Learning’s Added Value: Pareto Fronts in Atmospheric Applications,Artificial Intelligence for the Earth Systems,10.1175/aies-d-24-0078.1,,3.0,False,AI models,1,"Beucler et al., Pareto fronts: how to decide whether ML added value is real given cost/complexity. Useful sanity framework for a solo project."
Timo Dimitriadis et al.,2023.0,Evaluating Probabilistic Classifiers: The Triptych,arXiv (Cornell University),,2301.10803,3.0,True,Verification,1,"The 'triptych' of diagnostic plots — reliability, discrimination and a Murphy diagram — as a joint evaluation display."
Boris Bonev et al.,2025.0,FourCastNet 3: A geometric approach to probabilistic machine-learning weather forecasting at scale,arXiv (Cornell University),,2507.12144,3.0,True,AI models,1,"FourCastNet 3: probabilistic, well-calibrated, RETAINS REALISTIC SPECTRA to 60 days; 60-day 0.25deg forecast in <4 min on one GPU. The counter-example to 'AI models must blur'."
Kaisa Ylinen et al.,2020.0,Operational statistical postprocessing of temperature ensemble forecasts with station‐specific predictors,Meteorological Applications,10.1002/met.1971,,2.0,False,Post-processing,1,Operational station-specific EMOS-type calibration of ECMWF ENS temperature to 240 h over Europe (FMI). Closest operational analogue to the user's setup.
Jochen Bröcker et al.,2026.0,"Verification of AI–based environmental forecasting systems: What can we do, what do we need to do, and what are the challenges?",Journal of the European Meteorological Society.,10.1016/j.jemets.2026.100032,,2.0,False,AI models,1,"Broecker et al., what verification of AI-based forecasting systems needs — methodological guardrails for your own evaluation."
Christopher Bülte et al.,2024.0,Uncertainty quantification for data-driven weather models,arXiv (Cornell University),10.1175/aies-d-24-0049.1,2403.13458,2.0,False,Post-processing,1,"Systematic comparison of UQ routes for a deterministic AI model (Pangu): initial-condition ensembles vs statistical/ML post-hoc UQ, over Europe."
Marcello Iotti et al.,2025.0,RainScaleGAN: A Conditional Generative Adversarial Network for Rainfall Downscaling,Artificial Intelligence for the Earth Systems,10.1175/aies-d-24-0074.1,,2.0,False,Deep downscaling,1,"RainScaleGAN, conditional GAN for rainfall downscaling."
Michael Aich et al.,2026.0,Conditional diffusion models for downscaling and bias correction of Earth system model precipitation,Geoscientific model development,10.5194/gmd-19-1791-2026,,2.0,False,Deep downscaling,1,"Conditional diffusion performing bias correction and downscaling jointly, trained on observations only via a shared embedding space. Relevant because the user has only station observations as truth."
Zhongwei Zhang et al.,2025.0,Numerical models outperform AI weather forecasts of record-breaking extremes,arXiv (Cornell University),,2508.15724,2.0,True,AI models,1,Preprint of the above with the fuller quantitative statement.
Jacob Landsberg et al.,2026.0,Forecasting the Future With Yesterday's Climate: Temperature Bias in AI Weather and Climate Models,Geophysical Research Letters,10.1029/2025gl119740,2509.22359,1.0,False,AI models,1,"Landsberg et al.: AI models are COLD-BIASED, resembling climates 15-20 yr earlier than the predicted period; cold bias strongest at hottest temperatures. A trained-on-history artefact your bias correction would inherit."
Aaron Van Poecke et al.,2025.0,Self-Attentive Transformer for Fast and Accurate Postprocessing of Temperature and Wind Speed Forecasts,Artificial Intelligence for the Earth Systems,10.1175/aies-d-24-0127.1,,1.0,False,Post-processing,1,"Transformer postprocessing all lead times jointly on EUPPBench; 16.5% CRPS gain for 2m temperature over raw, beating member-by-member benchmark."
Tilmann Gneiting et al.,2025.0,Probabilistic measures afford fair comparisons of AIWP and NWP model output,arXiv preprint,,2506.03744,1.0,True,Post-processing,1,Potential CRPS: fair comparison of AI and physical models by subjecting both to the same IDR postprocessing. The correct way to frame 'is AIFS better here'.
Annette Möller et al.,2019.0,Probabilistic Temperature Forecasting with a Heteroscedastic Autoregressive Ensemble Postprocessing model,Quarterly Journal of the Royal Meteorological Society,10.1002/qj.3667,1903.06739,0.0,False,Post-processing,1,Heteroscedastic autoregressive EMOS for temperature: explicit treatment of error autocorrelation in time.
Aymeric Delefosse et al.,2026.0,Super-resolving coarse-resolution weather forecasts with flow matching,Environmental Data Science,10.1017/eds.2026.10046,,0.0,False,AI models,1,Delefosse et al.: generative super-resolution as a POST-PROCESSING step decoupled from forecasting; re-coarsening consistency check + spectral diagnostics. A clean methodological template.
Maria Pyrina et al.,2026.0,Joint bias correction and downscaling of subseasonal forecasts via diffusion models,Environmental Data Science,10.1017/eds.2026.10047,,0.0,False,AI models,1,Pyrina et al.: joint bias correction and downscaling of subseasonal forecasts via diffusion.
Chugang Yi et al.,2026.0,Efficient Kilometer‐Scale Precipitation Downscaling With Conditional Wavelet Diffusion,Journal of Geophysical Research Machine Learning and Computation,10.1029/2025jh000941,,0.0,False,Deep downscaling,1,Wavelet-domain conditional diffusion achieving 10x precipitation super-resolution to 1 km with a reported 9x inference speedup over pixel-space diffusion. Read for the efficiency trick if diffusion is attempted on limited hardware.
Zeyi Niu et al.,2026.0,Intelligent Shanghai Typhoon Model (ISTM): A Diffusion‐Based Downscaling Emulator From AIFS to Kilometer‐Scale Regional Reanalysis for Typhoon Forecasts,Journal of Geophysical Research Machine Learning and Computation,10.1029/2025jh001072,,0.0,False,AI models,1,ISTM: diffusion downscaling emulator from AIFS to km-scale regional reanalysis; cuts 72-h typhoon intensity error ~39.5% vs AIFS. Proof that AIFS-to-km-scale generative downscaling works.
Kira Feldmann et al.,2014.0,Spatial postprocessing of ensemble forecasts for temperature using nonhomogeneous Gaussian regression,Monthly Weather Review,10.1175/mwr-d-14-00210.1,1407.0058,0.0,False,Post-processing,1,Spatial extension of NGR for temperature with locally adaptive climatology; Gaussian random field vs ECC for spatial dependence.
Zied Ben-Bouallegue et al.,2026.0,SEEPS4ALL: an open dataset for the verification of daily precipitation forecasts using station climate statistics,Earth system science data,10.5194/essd-18-713-2026,,0.0,False,AI models,1,SEEPS4ALL: open dataset for verifying daily precipitation forecasts using station data — relevant given ISD-Lite precip is empty.
Lea Friedli et al.,2019.0,Area-covering postprocessing of ensemble precipitation forecasts using topographical and seasonal conditions,arXiv preprint,,1912.11827,0.0,True,Post-processing,1,Area-covering EMOS using topographical and seasonal predictors instead of station identity - how to postprocess where there is no station.
Regula Keller et al.,2020.0,Seamless multi-model postprocessing for air temperature forecasts in complex topography,arXiv preprint,,2008.07857,0.0,True,Post-processing,1,"Multi-model EMOS blending a convection-permitting LAM with a global ensemble for temperature at Swiss stations; 30% over high-res DMO, 8-12% over single-model EMOS; worst in winter."
Anna Vaughan et al.,2021.0,Convolutional conditional neural processes for local climate downscaling,arXiv preprint,,2101.0795,0.0,True,Post-processing,1,convCNP downscaling: trained model predicts at ARBITRARY locations including stations with no training data. The 'unseen station' architecture.
Moritz Feik et al.,2024.0,Graph Neural Networks and Spatial Information Learning for Post-Processing Ensemble Weather Forecasts,arXiv preprint,,2407.1105,0.0,True,Post-processing,1,GNN postprocessing: stations as graph nodes with attention over neighbours; substantial gain over a strong DRN baseline for 2m temperature over Europe.
David Jobst,2024.0,Gradient-Boosted Mixture Regression Models for Postprocessing Ensemble Weather Forecasts,arXiv preprint,,2412.09583,0.0,True,Post-processing,1,"MIXSAMOS-GB: gradient-boosted MIXTURE regression on standardized anomalies; outperforms state-of-the-art postprocessing for German 2m temperature. Pooled-training + boosting, no deep learning."
Pedro Sousa et al.,2026.0,Earth observation embeddings are effective sub-grid descriptors for probabilistic weather downscaling,arXiv preprint,,2608.12271,0.0,True,Post-processing,1,"Earth-observation foundation-model embeddings as learned sub-grid surface descriptors; +11.5% CRPS for 2m temperature at stations held out in SPACE and time, and works with AI-model input."
James Duncan et al.,2022.0,Generative Modeling of High-resolution Global Precipitation Forecasts,arXiv preprint,,2210.12504,,True,Deep downscaling,1,Generative modelling of high-resolution global precipitation forecasts. Preprint; companion to CorrectorGAN.
Kaifeng Bi et al.,2022.0,Pangu-Weather: A 3D High-Resolution Model for Fast and Accurate Global Weather Forecast,arXiv preprint,,2211.02556,,True,AI models,1,Pangu preprint; more architecture detail on 3DEST and the greedy multi-timestep scheme.
Morteza Mardani et al.,2023.0,Residual Corrective Diffusion Modeling for Km-scale Atmospheric Downscaling,arXiv preprint,,2309.15214,,True,Deep downscaling,1,CorrDiff preprint version (journal version doi:10.1038/s43247-025-02042-5). Cite the journal version; preprint listed for completeness.
Prakhar Srivastava et al.,2023.0,Precipitation Downscaling with Spatiotemporal Video Diffusion,arXiv preprint,,2312.06071,,True,Deep downscaling,1,"Spatiotemporal video diffusion for precipitation super-resolution with a deterministic downscaler followed by a temporally conditioned diffusion stage, compared against six baselines on FV3GFS. Preprint; argues explicitly that the conditional distribution, not the mean, is what matters."
Nikolay Koldunov et al.,2024.0,Emerging AI-based weather prediction models as downscaling tools,arXiv preprint,,2406.17977,,True,Deep downscaling,1,"Uses existing AI-NWP models themselves as downscaling operators, initialised from smoothed ERA5 and coarse CMIP6 fields at one-day lead, for 2-m temperature. An unusual and cheap alternative framing. Preprint."
Thomas Nils Nipen et al.,2024.0,Regional data-driven weather modeling with a global stretched-grid,arXiv preprint,,2409.02891,,True,AI models,1,"Nipen et al.: STRETCHED-GRID extension of AIFS itself — 2.5 km over the Nordics, 31 km globally; pre-trained on 43 yr ERA5 then refined on 3.3 yr MEPS analyses; beats MEPS control and ensemble mean for 2 m temperature. The most directly transferable design for NW Russia."
Muhammad Akhtar Munir et al.,2024.0,Efficient Localized Adaptation of Neural Weather Forecasting: A Case Study in the MENA Region,arXiv preprint,,2409.07585,,True,Deep downscaling,1,"Localised adaptation of a neural weather model for a specific region (MENA). Preprint; the fine-tuning-a-global-model-for-one-region pattern, which is the compute-feasible route."
Rahul Sundar et al.,2024.0,TAUDiff: Highly efficient kilometer-scale downscaling using generative diffusion models,arXiv preprint,,2412.13627,,True,Deep downscaling,1,"TAUDiff: names spectral bias in deterministic regression downscaling as the problem and pairs a deterministic mean-field model with a SMALLER generative diffusion model for the fine-scale residual, for wind velocity. Preprint; the efficiency-minded version of corrective diffusion."
Christopher Subich et al.,2025.0,Fixing the Double Penalty in Data-Driven Weather Forecasting Through a Modified Spherical Harmonic Loss Function,arXiv preprint,,2501.19374,,True,Deep downscaling,1,"Shows that the MSE loss used by most data-driven forecast models causes double-penalty smoothing, and that a parameter-free spherical-harmonic loss modification, applied by FINE-TUNING GraphCast, raised effective resolution from 1250 km to 160 km with better ensemble spread and better surface wind extremes. The cleanest quantification of MSE-induced smoothing, and a fine-tuning-scale intervention."
Simon Adamov et al.,2025.0,Building Machine Learning Limited Area Models: Kilometer-Scale Weather Forecasting in Realistic Settings,arXiv preprint,,2504.0934,,True,AI models,1,Adamov et al.: kilometre-scale ML limited-area models with flexible boundary forcing; systematic ablation of boundary width and graph construction; verified against stations.
Jasper S. Wijnands et al.,2025.0,A comparison of stretched-grid and limited-area modelling for data-driven regional weather forecasting,arXiv preprint,,2507.18378,,True,AI models,1,Wijnands et al.: head-to-head of stretched-grid vs limited-area for regional data-driven forecasting over Europe; SGM is self-contained and generalises better temporally.
Erik Larsson et al.,2025.0,CRPS-LAM: Probabilistic Regional Weather Forecasting with Continuous Ranked Probability Score,arXiv preprint,,2510.09484,,True,Deep downscaling,1,"CRPS-LAM: hybrid CNN/GNN regional ensemble model trained on a CRPS objective, generating members in a single forward pass with roughly 39x speedup over diffusion baselines. Preprint; the compute-efficient alternative to diffusion for probabilistic regional output."
Carlo Saccardi et al.,2025.0,Assessing the Geographic Generalization and Physical Consistency of Generative Models for Climate Downscaling,arXiv preprint,,2510.13722,,True,Deep downscaling,1,"CRITICAL NEGATIVE RESULT. Benchmarks generative downscaling models with physics-inspired diagnostics and finds that CorrDiff-class models trained on central Europe fail to generalise to Iberia, Morocco or SCANDINAVIA, and fail to reproduce derived second-order fields such as divergence and vorticity. Preprint; the strongest published warning against importing a pretrained generative downscaler into northwest Russia."
Even Marius Nordhagen et al.,2025.0,High-Resolution Probabilistic Data-Driven Weather Modeling with a Stretched-Grid,arXiv preprint,,2511.23043,,True,AI models,1,"Nordhagen et al.: probabilistic stretched-grid Nordic model, CRPS-trained in grid-point AND SPECTRAL space. Spectral loss term is NECESSARY for spatially coherent fields; -13% CRPS on 2 m T and -10% on MSLP vs MEPS. Read for the loss-function lesson."
Paula Harder et al.,2025.0,On Global Applicability and Location Transferability of Generative Deep Learning Models for Precipitation Downscaling,arXiv preprint,,2512.014,,True,Deep downscaling,1,"Systematic assessment of generative precipitation-downscaling generalisation across 15 world regions using a hierarchical location-based split, with ERA5 predictors and IMERG 0.1 deg targets. Preprint; the companion transferability study."
David Landry et al.,2026.0,STIPP: Space-time in situ postprocessing over the French Alps using proper scoring rules,arXiv preprint,,2601.02882,,True,AI models,1,STIPP: space-time in-situ postprocessing at STATION locations using proper scoring rules; makes hourly ensembles from a 6-hourly deterministic forecast. Closest method template to your station-level task.
Yingkai Sha et al.,2026.0,AI-Based Regional Emulation for Kilometer-Scale Dynamical Downscaling,arXiv preprint,,2602.18646,,True,Deep downscaling,1,"AI limited-area emulator trained on ERA5 0.25 deg 3-hourly forcings against 4 km hourly CONUS404, generalising to a 1.0 deg non-ERA5 forcing. Preprint; shows what a full AI dynamical-downscaling emulator costs and requires."
You Wu et al.,2026.0,From AI Weather Prediction to Infrastructure Resilience: A Real-Time Correction-Downscaling Framework for Tropical Cyclone Impact Forecasting,arXiv preprint,,2603.12828,,True,Deep downscaling,1,"Real-time correction-plus-downscaling of AI forecasts to 500 m wind fields for typhoon impact, reporting a 38.8% reduction in station-scale wind-speed MAE relative to Pangu-Weather and roughly 25 s per 12-h cycle on a SINGLE GPU. The clearest evidence that a correct-then-downscale pipeline is feasible on modest hardware. Preprint 2026."
Paula Harder et al.,2026.0,AIFS-COMPO: A Global Data-Driven Atmospheric Composition Forecasting System,arXiv preprint,,2604.033,,True,AI models,1,AIFS-COMPO atmospheric composition — evidence of the modular Anemoi/AIFS ecosystem you could build on.
Joffrey Dumont Le Brazidec et al.,2026.0,Downscaling weather forecasts from Low- to High-Resolution with Diffusion Models,arXiv preprint,,2604.03303,,True,AI models,1,"Dumont Le Brazidec et al.: diffusion downscaling of IFS ensembles 100 km -> 30 km via residual learning; reproduces target power spectra at small scales, physically consistent wind-pressure coupling."
Hannah Guan et al.,2026.0,Enhancing AI and Dynamical Subseasonal Forecasts with Probabilistic Bias Correction,arXiv preprint,,2604.16238,,True,Deep downscaling,1,"Probabilistic bias correction applied to ECMWF's leading dynamical and AI models, reported to double AIFS subseasonal skill. Preprint 2026; relevant as the pure-postprocessing upper bound."
Sara Hahner et al.,2026.0,Representing the Surface Ocean in ECMWF's data-driven forecasting system AIFS,arXiv preprint,,2604.25559,,True,AI models,1,AIFS ocean/wave/sea-ice coupling — matters for the Baltic/Barents/White Sea part of your box.
Amy McGovern et al.,2026.0,Extreme Weather Bench: A framework and benchmark for evaluation of high-impact weather,arXiv preprint,,2605.01126,,True,AI models,1,Extreme Weather Bench: community benchmark for high-impact weather; the verification framework to adopt rather than invent.
Ewan Pinnington et al.,2026.0,AIFS-DOP: End-to-End Medium-Range Weather Prediction from Observations Alone with Machine Learning,arXiv preprint,,2606.19093,,True,AI models,1,"AIFS-DOP: trained on gridded OBSERVATIONS alone, no reanalysis — directly relevant to your finding that ERA5 assimilates your stations."
Tobias Biegert et al.,2026.0,Towards Fair Comparisons of AI- and Physics-Based Weather Models for Extreme Events via the Weighted Potential CRPS,,,2606.2117,,True,Verification,1,Weighted potential CRPS for fair comparison of AI and physics-based models on extreme events; the current frontier of this argument.
Jakob Schloer et al.,2026.0,AIFS-SUBS: Extending Data-Driven Forecasting to Sub-Seasonal Timescales,arXiv preprint,,2607.051,,True,AI models,1,"AIFS-SUBS: sub-seasonal AIFS, weeks 2-6, ~200x less inference energy than IFS. Shows the AIFS family is expanding into your lead-time range."
Magnus Sikora Ingstad et al.,2026.0,HourGlass: A probabilistic data-driven temporal downscaler for global and regional weather forecasting,arXiv preprint,,2607.11457,,True,AI models,1,HourGlass: probabilistic TEMPORAL downscaler applied to AIFS-Single and AIFS-ENS (and MET Norway's Bris). Notes deterministic temporal downscaling produces overly smooth fields.
Somnath Luitel et al.,2026.0,GraphCast Skill and Systematic Biases in Indian Summer Monsoon Forecasts: Evaluation Against ERA5 and IMERG,arXiv preprint,,2607.11905,,True,AI models,1,"GraphCast Indian monsoon evaluation: regional power-spectrum variance ratio 0.14 vs IMERG, compressed rainfall intensity distribution — a clean quantification of deterministic smoothing."
Marvin Vincent Gabler et al.,2026.0,Do AI weather models miss extremes?,arXiv preprint,,2608.09972,,True,AI models,1,"Gabler et al., station-based (not reanalysis-based) extremes verification of 11 systems over Europe, 10 months. AIFS loses 4.9+/-2.0% in the heat tail; ALL models incl. NWP show a shared conditional bias toward the distribution centre. The single most relevant error-mode paper for station-based work."
Simon Lang; Mihai Alexe; Matthew Chantry; Jesper Dramsch; Florian Pinault; Baudouin Raoult et al.,2024.0,AIFS -- ECMWF's data-driven forecasting system,arXiv (preprint),arxiv:2406.01465,,,True,Regional,1,"AIFS - ECMWF's data-driven forecasting system. GNN encoder/decoder with sliding-window transformer processor, trained on ERA5 and ECMWF operational NWP analyses. Read first: this is the base model."
Nikolay Koldunov; Thomas Rackow; Christian Lessig; Sergey Danilov; Suvarchal K. Cheedela; Dmitry Sidorenko et al.,2024.0,Emerging AI-based weather prediction models as downscaling tools,arXiv (preprint),arxiv:2406.17977,,,True,Regional,1,Koldunov et al.: emerging AI-based weather prediction models AS DOWNSCALING TOOLS. The single most directly on-brief preprint - proposes using existing AI-NWP systems for downscaling rather than training from scratch.
Muhammad Akhtar Munir; Fahad Shahbaz Khan; Salman Khan,2024.0,Efficient Localized Adaptation of Neural Weather Forecasting: A Case Study in the MENA Region,arXiv (preprint),arxiv:2409.07585,,,True,Regional,1,Munir et al.: efficient LOCALIZED ADAPTATION of neural weather forecasting (MENA case study). Fine-tuning a global neural forecast to one region - the compute-feasible pattern for a 4 GB GPU.
Simon Lang; Mihai Alexe; Mariana C. A. Clare; Christopher Roberts; Rilwan Adewoyin; Zied Ben Bouallègue et al.,2024.0,AIFS-CRPS: Ensemble forecasting using a model trained with a loss function based on the Continuous Ranked Probability Score,arXiv (preprint),arxiv:2412.15832,,,True,Regional,1,AIFS-CRPS: ensemble variant trained directly on a CRPS-based loss. Relevant because the archive available is the 51-member AIFS ENS.
Jasper S. Wijnands; Michiel Van Ginderachter; Bastien François; Sophie Buurman; Piet Termonia; Dieter Van den Bleeken,2025.0,A comparison of stretched-grid and limited-area modelling for data-driven regional weather forecasting,arXiv (preprint),arxiv:2507.18378,,,True,Regional,1,"Wijnands et al.: stretched-grid vs limited-area data-driven regional forecasting with GNNs. The two architectural options for a regional AI model, and their boundary-condition trade-offs."
Gabriel Moldovan; Ewan Pinnington; Ana Prieto Nemesio; Simon Lang; Zied Ben Bouallègue; Jesper Dramsch et al.,2025.0,An update to ECMWF's machine-learned weather forecast model AIFS,arXiv (preprint),arxiv:2509.18994,,,True,Regional,1,"Update to AIFS Single: physical-consistency bounding layers substantially improve PRECIPITATION forecasts, plus expanded variable set. Matters given precipitation is the unverifiable variable locally."
